id,stratum,price,mts2,description,Barrio,City
4309224,3,125000000,54,Apartamento en Venta Colina de los Búcaros Bello ,Colina de los Bucaros,Bello
3918924,3,240000000,80,"Apartamento en Venta. Copacabana, San Juan De La Tasajera.",Copacabana,Copacabana
3943355,3,240000000,70,Apartamento en venta Copacabana Cristo rey,Copacabana,Copacabana
2757419,5,3800000000,12588,VENDO DOS CASAS CONDOMINIO PRIVADO COPACABANA ANT,Copacabana,Copacabana
2896500,5,1500000000,5400,VENDO CASA FINCA EN COPACABANA ANTIOQUIA,Copacabana,Copacabana
4289771,2,1500000000,3000,Se vende hermosa casa campestre en Copacabana (c),Copacabana,Copacabana
4011176,3,1650000000,2000,Antioquia - Copacabana - La Misericordia,Copacabana,Copacabana
2375487,3,1850000000,2600,"Vendo casa-finca en copacabana, parte baja",Copacabana,Copacabana
3959945,3,230000000,82,"Apartamento en Venta. Copacabana, San Juan de la Tasajera. ",Copacabana,Copacabana
4291995,3,215000000,70,"Apartamento en venta en Bello, Machado",Copacabana,Copacabana
4278781,3,450000000,140,Casa en venta Copacabana Antioquia ,Copacabana,Copacabana
3915793,5,5000000,5400,Antioquia - Medellín,Copacabana,Copacabana
4289995,4,175000000,56,SE VENDE APARTAMENTO EN BELLO SECTOR MACHADO,Copacabana,Copacabana
2729966,6,9500000,550,ALQUILO BODEGA INDUSTRIAL 550 M2 COPACABANA ANT,Copacabana,Copacabana
3100143,4,3800000000,438813,Casa finca en Venta en Copacabana,Copacabana,Copacabana
4246854,2,700000000,2263,Casa en Venta en Copacabana - Copacabana,Copacabana,Copacabana
4246857,5,1800000000,9800,Finca en Venta en Copacabana - Copacabana,Copacabana,Copacabana
2536338,3,310000000,70,APARTAMENTO BELLO PUERTA DEL NORTE. SE VENDE,Copacabana,Copacabana
3887527,2,1300000000,4591,Antioquia - Copacabana - Vereda El Zarzal,Copacabana,Copacabana
3944483,3,221450000,70,APARTAMENTO EN VENTA - COPACABANA COD. 19534,Copacabana,Copacabana
4182828,2,163000000,80,"CASA BIFAMILIAR EN VENTA - SECTOR EL RECREO, COPACABANA COD: 24269",Copacabana,Copacabana
4192341,3,2500000000,4798,"CASA FINCA EN  VENTA - SECTOR ANCON, COPACABANA COD: 24248",Copacabana,Copacabana
4210281,4,2550000000,950,"Se vende Finca Copacabana Altos de villa roca ,Medellin",Copacabana,Copacabana
4039766,4,3800000000,12800,Antioquia - Copacabana,Copacabana,Copacabana
4173457,3,200000000,61,"APARTAMENTO EN VENTA - SECTOR MACHADO, COPACABANA COD: 24262",Copacabana,Copacabana
4211225,4,2550000000,3000,"Venta Finca Copacabana, Antioquia",Copacabana,Copacabana
2572180,3,169000000,61,APARTAMENTO EN VENTA - COPACABANA COD: 18365,Copacabana,Copacabana
2572997,3,285000000,81,APARTAMENTO EN VENTA -COPACABANA COD: 18385,Copacabana,Copacabana
2624269,3,182000000,52,APARTAMENTO EN VENTA - COPACABANA COD: 18903,Copacabana,Copacabana
2627367,2,154500000,67,APARTAMENTO EN VENTA -  COPACABANA COD: 18961,Copacabana,Copacabana
4227983,3,270000000,73,"APARTAMENTO EN VENTA - SECTOR FATIMA, COPACABANA COD: 23822",Copacabana,Copacabana
4214405,3,158000000,61,Apto en Copacabana,Copacabana,Copacabana
4215537,4,2550000000,3000,Finca de recreo en Venta Copacabana Antioquia.,Copacabana,Copacabana
4218614,3,269000000,70,Apartamento en Venta Copacabana Antioquia ,Copacabana,Copacabana
2640114,6,6407000,377,Antioquia - Copacabana - Villa Nueva,Copacabana,Copacabana
4249371,3,144492000,50,"VENTA DE PROYECTO DE APARTAMENTOS EN LOMA LOS ÁLVARES, COPACABANA",Copacabana,Copacabana
1737123,3,1702400000,532,BODEGA EN VENTA EN Copacabana ,Copacabana,Copacabana
2624522,6,6290000,370,ARRIENDO BODEGAS INDUSTRIALES EN COPACABANA SOBRE AUTOPISTA ,Copacabana,Copacabana
4171821,2,65000000,20,"APARTAESTUDIO EN VENTA - SECTOR NIQUIA, BELLO COD: 24185",Copacabana,Copacabana
2639488,2,103000000,40,APARTAMENTO EN VENTA - COPACABANA COD: 19120,Copacabana,Copacabana
2650734,3,180000000,61,APARTAMENTO EN VENTA -COPACABANA COD: 19181,Copacabana,Copacabana
2678980,2,195700000,129,APARTAMENTOS EN VENTA -  COPACABANA COD: 19488,Copacabana,Copacabana
2226578,2,125000000,52,IDEAL CASA BIFAMILIAR VENTA COPACABANA COD: 17358,Copacabana,Copacabana
4238354,3,1000000000,4169,"VENTA DE FINCA EN LA VETA, COPACABANA ANTIOQUIA",Copacabana,Copacabana
4238838,3,228000000,50,VENTA DE CASA EN COPACABANA ANTIOQUIA,Copacabana,Copacabana
4115030,3,165000000,52,"Apartamento en Venta. Copacabana, Reservas de San Juan ",Copacabana,Copacabana
3898107,6,5500000000,11300,Venta finca copacabana noral,Copacabana,Copacabana
3901077,4,1850000000,2600,Se vende Hermosa Finca en Copacabana Antioquia,Copacabana,Copacabana
3876328,5,2700000000,10600,Vendo Finca en Copacabana Antioquia,Copacabana,Copacabana
4303621,3,2200000000,10000,Antioquia - Copacabana,Copacabana,Copacabana
4014125,3,160000000,60,Antioquia - Copacabana,Copacabana,Copacabana
4278946,3,300000000,35,Local comercial en venta Copacabana Antioquia ,Copacabana,Copacabana
4191197,2,350000000,132,VENDO CASA EN COPACABANA,Copacabana,Copacabana
4006874,5,4500000000,10000,Finca en Venta Copacabana Antioquia ,Copacabana,Copacabana
4088736,3,198000000,44,APARTAMENTO NUEVO EN COPACABANA CIUDADELA VIVENZA FONTIDUEÑO,Copacabana,Copacabana
3854139,3,225000000,69,Apartamento en venta en Machado Copacabana Antioquia,Copacabana,Copacabana
4014154,3,160000000,60,Antioquia - Copacabana,Copacabana,Copacabana
3952567,3,480000000,3700,VENDO FINCA EN COPACABANA  CON CASA DE MAYORDOMO,Copacabana,Copacabana
3100093,4,320000000,110,Antioquia - Copacabana,Copacabana,Copacabana
4273319,3,590000000,4800,CASA FINCA EN SANTA ELENA,Copacabana,Copacabana
4171174,3,10000000000,40000,FINCA EN VENTA EN Copacabana ,Copacabana,Copacabana
3906935,5,1300000000,8554,Antioquia - Guarne - El Cabuyal,Copacabana,Copacabana
3973760,3,976000000,6100,Lote en venta Vereda La Veta Copacabana ,Copacabana,Copacabana
4210383,3,475000000,315,Venta de espectacular Casa lote,Copacabana,Copacabana
3292253,3,200000000,88,HERMOSA CASA EN COPACABANA ,Copacabana,Copacabana
4202596,4,1300000000,2200,ESPECTACULAR FINCA EN COPACABANA,Copacabana,Copacabana
4165851,3,240000000,59,"Apartamento Bello, Antioquia Sector Machado - Se Vende",Copacabana,Copacabana
4180387,2,170000000,61,"APARTAMENTO EN VENTA - SECTOR MACHADO, COPACABANA COD: 24341",Copacabana,Copacabana
2132261,4,4400000000,6000,VENTA FINCA USO MIXTO COPACABANA NORAL ANTIOQUIA ,Copacabana,Copacabana
3398476,4,900000000,2500,Finca de descanso en venta Copacabana Antioquia,Copacabana,Copacabana
1736726,5,2000000000,2000,LOTE EN VENTA EN Copacabana ,Copacabana,Copacabana
3884212,3,250000000,64,"Apartamento en Venta. Bello, Madera.",Madera,Bello
4146880,4,360000000,73,Apartamento en Venta Sector Fabricato en Bello,Fabricato,Bello
3277880,3,175000000,58,Antioquia - Bello - El Trapiche,Trapiche,Bello
2193776,3,250000000,70,Apartamento en Venta Niquía Bello Antioquia.,Niquia,Bello
4281384,3,200000000,64,"APARTAMENTO EN VENTA, BELLO VIA MACHADO",Machado,Bello
4282561,3,180000000,62,VENDO APARTAMENTO EN RINCON DEL BOSQUE BELLO,Rincon del bosque,Bello
4284135,4,980000000,2840,VENTA CASA CAMPESTRE NORTEAMERICA BELLO ANTIOQUIA,Vereda Norteamerica,Bello
4288354,4,380000000,112,Apartamento en Venta Bello Cabañitas,Cabañitas,Bello
4288380,4,360000000,104,Apartamento en Venta Bello Cabañitas,Cabañitas,Bello
4288475,4,322000000,90,"Apartamento en Venta. Bello, Cabañas.",Cabañitas,Bello
4292144,4,350000000,80,"Vendo Apartamento en la Urbanización La Quinta, Cabañitas, Bello",Cabañitas,Bello
4275826,4,230000000,58,VENDO APARTAMENTO EN POBLADO NIQUIA,Niquia,Bello
4275836,4,230000000,57,VENDO APARTAMENTO POBLADO NIQUIA,Niquia,Bello
4276045,4,490000000,92,VENDO APARTAMENTO EN CIUDAD FABRICATO,Fabricato,Bello
4297607,4,210000000,56,VENDO APARTAMENTO EN POBLADO NIQUIA,Niquia,Bello
4298574,3,160000000,45,"VENDO APARTAMENTO EN PLAZUELA DEL NORTE, NAVARRA",Navarra,Bello
4301249,3,165000000,35,Antioquia - Bello - Niquia,Niquia,Bello
4301286,3,280000000,86,Se vende apartamento en Bello.,Niquia,Bello
4230123,3,235000000,60,Apartamento en venta Niquía Bello Antioquia.,Niquia,Bello
4231287,4,310000000,75,Venta Apartamento Bello Niquia,Niquia,Bello
4233381,3,222000000,63,Apartamento en Venta Niquía Bello Antioquia.,Niquia,Bello
4241997,4,400000000,91,SE VENDE APARTAMENTO EN HACIENDA NIQUIA,Niquia,Bello
4308420,4,215000000,54,VENDO APARTAMENTO A 3 MINUTOS CIUDAD FABRICATO,Fabricato,Bello
4309166,4,1400000000,1040,"Casa Campestre Bello, Norteamerica",Vereda Norteamerica,Bello
4157310,3,185000000,57,Venta Apartamento Bello San Gabriel 57 m2,San Gabriel,Bello
4205180,3,120000000,39,Antioquia - Bello,Bello,Bello
3922308,3,220000000,85,"Apartamento en Venta. Bello, Niquía.",Niquia,Bello
3928879,4,350000000,68,"Vendo apartamento en unidad cerrada Nórdica,  Niquia.",Niquia,Bello
3899578,4,260000000,61,"Apartamento en Venta. Bello, Cabañas.",Cabañitas,Bello
4202646,4,210000000,62,VENDO APARTAMENTO EN NIQUIA ,Niquia,Bello
4193604,4,650000000,95,Antioquia - Bello - Barrio Obrero,Niquia,Bello
4012049,3,170000000,57,"Apartamento en Venta. Bello, Tierradentro",Tierradentro,Bello
4107140,3,148000000,56,"Vendo apartamento  en  Bello,  urbanización Curazao 56m2",Bello,Curazao
4279100,4,232000000,68,"Apartamento en Venta Norte América, Bello Antioquia",Vereda Norteamerica,Bello
4293971,3,203000000,55,Venta de Apartamento en Niquia,Niquia,Bello
4294468,4,260000000,68,"Venta de Apartamento en Bello, Santa Ana",Santa Ana,Bello
4298497,4,230000000,66,VENDO APARTAMENTO EN POBLADO NIQUIA,Niquia,Bello
4243427,3,268000000,97,VENDO APARTAMENTO EN TOLEDO CAMPESTRE,Toledo,Bello
4244388,4,560000000,137,"Espectacular Penthouse en venta en Norteamérica, Bello",Vereda Norteamerica,Bello
4127229,4,350000000,89,Antioquia - Bello - Norteamérica,Vereda Norteamerica,Bello
3969417,2,200000000,100,Casa en venta Barrio Niquía Bello Antioquia ,Niquia,Bello
3972067,4,210000000,66,Vendo apartamento en Poblado Niquia.,Niquia,Bello
4304731,3,135000000,60,"Venta de apartamento en la Gabriela, Bello ",La Gabriela,Bello
4284088,4,253500000,69,Venta de Apartamento en Bello,Bello,Bello
4287329,4,207000000,56,"Apartamento en Venta. Bello, Niquía.",Niquia,Bello
4288395,4,370000000,104,Apartamento en Venta Bello Cabañitas,Cabañitas,Bello
4288419,4,370000000,104,Apartamento en Venta Bello Cabañitas,Cabañitas,Bello
4290247,3,185000000,65,Apartamento en Venta Bello Prado,Prado,Bello
4291733,3,250000000,64,Venta de Apartamento Niquia Bello,Niquia,Bello
4291744,3,250000000,64,Venta de Apartamento Niquia Bello,Niquia,Bello
4297314,3,800000,55,"Alquilo apartamento Urbanización Bucaros 1, Bello",Colina de los Bucaros,Bello
4130909,3,145000000,55,Venta Apartamento En Bello inversión,Bello,Bello
3847349,4,253000000,61,"VENDO APTO EN BELLO, CIUDAD FABRICATO, APLICA SUBSIDIO",Fabricato,Bello
4291451,3,230000000,66,"Apartamento en Venta. Bello, Navarra.",Navarra,Bello
4291660,4,580000000,217,Apartamento en Venta Bello Cabañitas,Cabañitas,Bello
4291935,3,145000000,54,"Apartamento en venta en Bello, Barrio Pérez",Barrio Perez,Bello
4291984,4,155000000,54,"Apartamento en venta en Bello, Trapiche",Trapiche,Bello
4294365,3,130000000,56,VENDEMOS APTO BELLAVISTA BELLO,BELLAVISTA,Bello
4295222,3,126000000,48,"Se Vende Apartamento en Obra Gris, en Villa del Sol , Bello",Villa del sol,Bello
4276463,4,235000000,65,APARTAMENTO EN VENTA BELLO SECTOR NIQUIA ,Niquia,Bello
4307184,3,120000000,40,"APARTAESTUDIO EN VENTA - SECTOR CABAÑITAS, BELLO COD: 25001",Cabañitas,Bello
4226558,3,184000000,54,Apartamento en Venta Niquía Bello Antioquia.,Niquia,Bello
4166870,3,260000000,67,Apartamento en Venta Madera Bello Antioquia.,Madera,Bello
4201748,3,185000000,67,Casa en venta Búcaros Bello Antioquia ,Colina de los Bucaros,Bello
4121660,3,248000000,66,"Se Vende Apartamento en Madera, Bello",Madera,Bello
4298289,4,340000000,72,Antioquia - Bello - Fabricato,Fabricato,Bello
4303356,3,137000000,54,VENTA DE APARTAMENTO EN BELLO SECTOR MIRADOR,Sector Mirador,Bello
4290105,3,152000000,52,Apartamento en venta Bello Prado,Prado,Bello
4291970,3,220000000,63,"Apartamento en venta en Bello, Machado",Machado,Bello
4291972,3,175000000,58,"Apartamento en venta en Bello, Trapiche",Trapiche,Bello
4291990,3,175000000,55,"Apartamento en venta en Bello, Trapiche",Trapiche,Bello
4292080,3,110000000,48,"Apartamento en venta en Bello, Trapiche",Trapiche,Bello
3278241,3,165000000,45,APARTAMENTO EN VENTA EN Bello ,Trapiche,Bello
3562820,4,136000000,58,APARTAMENTO EN VENTA EN Bello ,Trapiche,Bello
3984532,4,270000000,67,APARTAMENTO EN VENTA EN Bello ,Bello,Bello
3562819,3,136000000,56,APARTAMENTO EN VENTA EN Bello ,Bello,Bello
1737000,3,525000000,220,CASA EN VENTA EN Bello ,Bello,Bello
4268827,3,236500000,75,APARTAMENTO EN VENTA EN Bello ,Bello,Bello
4310011,2,175000000,100,CASA EN VENTA EN Bello ,Bello,Bello
4307217,3,950000,53,"APARTAMENTO EN ARRIENDO - SECTOR SAN GABRIEL, BELLO COD: 25005",San Gabriel,Bello
3703362,4,950000,85,ARRIENDO APARTAMENTO 85 M2 CERCA A LA ESTACIÓN MADERA DEL METRO,Madera,Bello
4188892,4,1200000,60,Arriendo apartamento Poblado Niquía.,Niquia,Bello
1737036,3,550000000,226,CASALOTE EN VENTA EN Bello ,Bello,Bello
4268020,3,175000000,68,APARTAMENTO EN VENTA EN Bello ,Bello,Bello
4289837,4,210000000,59,APARTAMENTO EN VENTA EN Bello ,Bello,Bello
4300279,3,127000000,32,APARTAESTUDIO EN VENTA EN Bello ,Bello,Bello
4271489,3,322973000,85,VENTA DE APARTAMENTO URBANIZACIÓN RESERVA DE BÚCAROS P.H. BELLO,Bucaros,Bello
4278331,4,385000000,92,"Venta Apartamento en Bello, Niquia",Niquia,Bello
4298720,3,360000000,102,"Vendo casa en el barrio  Cabañas, Bello, segundo piso",Cabañitas,Bello
4300256,3,175000000,57,Apartamento en Venta Niquia Bello Antioquia.,Niquia,Bello
4302075,3,135000000,68,Vendo casa en el barrio  El  Mirador  (Bello),El Mirador,Bello
4241232,3,260000000,68,Vendo Apartamento piso 14 en Bello Santa Ana,Santa Ana,Bello
4241415,3,222000000,63,Vendo Apartamento Piso 02 en Nuevo Milenio en Bello,Nuevo Milenio,Bello
4303944,4,220000000,58,"VENDO APARTAMENTO URBANIZACIÓN CAMINO DEL VIENTO,  BELLO",Bello,Bello
4310133,2,650000000,947,SE VENDE CASA FINCA EN SAN FÉLIX,San Felix,Bello
4307510,4,400000000,90,Antioquia - Bello - Cabañas,Cabañitas,Bello
4205449,3,220000000,86,Antioquia - Bello - Niquía,Niquia,Bello
4060235,4,300000000,78,VENTA APARTAMENTO EN CONJUNTO RESIDENCIAL LA QUINTA,Niquia,Bello
3980450,3,244000000,71,"Apartamento en Venta. Bello, Niquía.",Niquia,Bello
2190222,3,210000000,77,Apartamento en Venta Niquía Bello Antioquia.,Niquia,Bello
2211356,4,220000000,60,Apartamento en venta  Niquia Bello,Niquia,Bello
2221063,3,370000000,144,Casa en Venta Gran Avenida Bello Antioquia.,Niquia,Bello
3818134,3,180000000,56,Apartamento en Venta Niquia Bello Antioquia.,Niquia,Bello
4254711,3,145000000,55,Se vende apartamento en paisajes etapa 1 Bello Ant,Bello,Bello
4272446,3,148190000,56,"VENTA APARTAMENTO CONJUNTO MOLINOS DEL SOL, BELLO",Bello,Bello
4272955,3,247660000,69,"VENTA DE APARTAMENTO FLORIDA DE NORTEAMÉRICA, BELLO",Bello,Bello
4273377,3,144840500,56," VENTA DE APARTAMENTO AVELLANEDA, BELLO",Bello,Bello
4274253,5,236901000,65,"VENTA DE APARTAMENTO SKY, BELLO",Bello,Bello
4279662,3,160000000,60,Apartamento Bello barrio Perez,barrio Perez,Bello
4298335,3,256896500,68,"VENTA DE APARTAMENTO URBANIZACION RESERVA DE BUCAROS, SANTA ANA, BELLO",Santa Ana,Bello
4298768,4,240000000,88,Vendo o Arriendo Apartamento en el Barrio Obrero Bello,Obrero,Bello
4298884,3,165000000,60,"Vendo apartamento Urbanización Mirasol,  Bello",Urbanización Mirasol,Bello
4303612,3,180000000,60,"Vendo casa urbanización Guaraní, Barrio El Carmelo, Bello",El Carmelo,Bello
4241301,3,220000000,60,SE VENDE APARTAMENTO EN SECTOR BELLO MADERA,Madera,Bello
4246496,3,232739500,65,"VENTA APARTAMENTO URBANIZACÓN VINILO, BELLO ",Madera,Bello
4291115,4,310000000,74," APARTAMENTO EN VENTA BELLO, CIUDAD FABIRCATO ",Fabricato,Bello
4306231,3,1250000,54,Apartamento en Arriendo Mirador de los Búcaros Bello ,Bucaros,Bello
4059224,4,166000000,39,Antioquia - Bello - Guasimalito,Bello,Bello
3994738,4,1380000,80,APARTAMENTO EN ARRIENDO EN Bello ,Bello,Bello
3645949,3,175000000,85,Antioquia - Bello - Villas De Comfenalco,Bello,Bello
4298692,3,305000000,151,SE VENDE CASA EN PRADO DE BELLO ,Prado,Bello
4249046,4,1380000,80,APARTAMENTO EN ARRIENDO EN Bello ,Bello,Bello
4196121,3,184000000,54,"Vendo Apartamento Piso 04 en Montibello, Bello Niquia.",Niquia,Bello
3292176,4,395000000,87,Antioquia - Bello - Fabricato,Fabricato,Bello
4253107,4,230000000,54,VENDO APARTAMENTO PRIMER PISO EN AMAZONIA,Bello,Bello
4281612,3,150000000,56,"VENDO APARTAMENTO EN CONJUNTO RESIDENCIAL, EN NAVARRA.",Navarra,Bello
4281633,4,330000000,112,"VENDO CASA PRIMER PISO , EN EL BARRIO CABAÑITAS.",Cabañitas,Bello
4297020,3,190000000,97,VENDO CASA DE DOS NIVELES CERCA AL PARQUE DE BELLO,Parque de Bello,Bello
4297064,3,185000000,60,VENDO CASA UBICADA EN EL BARRIO OBRERO BELLO,Obrero,Bello
4297610,3,268000000,74,"VENDO APARTAMENTO , SEGUNDO PISO EN EL BARRIO OBRERO.",Obrero,Bello
4305732,4,240000000,52,CÓDIGO PROPIEDAD A380: APARTAMENTO EN NAVARRA ¡EXCELENTE ILUMINACION Y LINDOS ACABADOS!,Navarra,Bello
4309918,4,221000000,65,HERMOSO APARTAMENTO EN NAVARRA,Navarra,Bello
4044833,3,135000000,56,SE VENDE AGRADABLE APARTAMENTO EN EL TRAPICHE,Trapiche,Bello
3751388,3,170000000,62,EL TRAPICHE TOTALMENTE TERMINADO,Trapiche,Bello
4186645,4,219646000,63,APARTAMENTO CERCA AL CENTRO COMERCIAL PUERTA DEL NORTE,Bello,Bello
4278982,3,180000000,72,"VENDO CASA PRIMER PISO DE DOS NIVELES, EN EL BARRIO SANTANA.",Santa Ana,Bello
4279264,4,260000000,68,"VENDO APARTAMENTO PISO ALTO ,EN EL BARRIO SANTANA.",Santa Ana,Bello
4296998,3,250000000,100,VENDO CASA EN EL BARRIO BUCAROS BELLO,Bucaros,Bello
4297043,3,225000000,75,VENDO CASA EN EL BARRIO GRAN AVENIDA,Bello,Bello
4297083,3,295000000,87,VENDO APARTAMENTO TERCER PISO EN EL BARRIO OBRERO,Obrero,Bello
4297732,4,290000000,83,VENDO APARTAMENTO TERCER PISO EN EL BARRIO CABAÑITAS.,Cabañitas,Bello
4309934,3,170000000,58,LINDO APARTAMENTO EN NAVARRA,Navarra,Bello
4281558,4,300000000,110,"VENDO CASA , PRIMER PISO CON GARAJE , BARRIO CABAÑITAS.",Cabañitas,Bello
4291182,3,185000000,72,APRTAMENTO CON PARQUEADERO,Barrio Nuevo,Bello
1736912,2,6000000000,1356,LOTE EN VENTA EN Bello ,Bello,Bello
3786895,3,260000000,112,Ofrezco tercer piso en excelente ubicacion en bello,Bello,Bello
4239711,4,294147000,72,ACOGEDOR APARTAMENTO EN NIQUIA ¡MUY CERCA DEL CENTRO COMERCIAL PUERTA DEL NORTE!,Niquia,Bello
1736778,6,5000000000,2700,BODEGA EN VENTA EN Copacabana ,Copacabana,Copacabana
2150808,3,194260000,56,APARTAMENTO EN VENTA EN COPACABANA ,Copacabana,Copacabana
2150809,3,264480000,75,APARTAMENTO EN VENTA EN COPACABANA ,Copacabana,Copacabana
1845442,3,236400000,65,APARTAMENTO EN VENTA EN COPACABANA ,Copacabana,Copacabana
1845447,3,263632000,73,APARTAMENTO EN VENTA EN COPACABANA ,Copacabana,Copacabana
3026748,3,263632000,73,APARTAMENTO EN VENTA EN COPACABANA ,Copacabana,Copacabana
3026749,3,263632000,73,APARTAMENTO EN VENTA EN COPACABANA ,Copacabana,Copacabana
3039589,3,236400000,65,APARTAMENTO EN VENTA EN COPACABANA ,Copacabana,Copacabana
2624544,3,269488000,75,APARTAMENTO EN VENTA EN COPACABANA ,Copacabana,Copacabana
1649845,3,205000000,70,Venta de apartamento nuevo Copacabana antioquia,Copacabana,Copacabana
4402868,4,880000000,180,Finca en Venta Copacabana Vereda el Zarzal,Copacabana,Copacabana
4363606,3,272500000,78,"Apartamento en Copacabana, sector Machado",Copacabana,Copacabana
2150807,3,188830000,55,APARTAMENTO EN VENTA EN COPACABANA ,Copacabana,Copacabana
1845439,3,236400000,65,APARTAMENTO EN VENTA EN COPACABANA ,Copacabana,Copacabana
1845443,3,236400000,65,APARTAMENTO EN VENTA EN COPACABANA ,Copacabana,Copacabana
1845448,3,210544000,56,APARTAMENTO EN VENTA EN COPACABANA ,Copacabana,Copacabana
1845450,3,210544000,56,APARTAMENTO EN VENTA EN COPACABANA ,Copacabana,Copacabana
3039590,3,210544000,56,APARTAMENTO EN VENTA EN COPACABANA ,Copacabana,Copacabana
3062762,3,190000000,65,APARTAMENTO EN VENTA EN COPACABANA ,Copacabana,Copacabana
3074116,6,1600000000,1600,FINCA EN VENTA EN COPACABANA ,Copacabana,Copacabana
4206481,1,500000000,5000,CASAS DE CAMPO EN GUARNE,Copacabana,Copacabana
2707540,3,5600000000,8400,Antioquia - Copacabana - San Juan,Copacabana,Copacabana
3679103,3,187000000,69,Apartamento en venta en Machado Copacabana Antioquia ,Copacabana,Copacabana
3918448,6,1960000000,552,"Bodega en Venta. Copacabana, Buena Vista.",Copacabana,Copacabana
3169798,2,2000000000,12800,Antioquia - Copacabana,Copacabana,Copacabana
3435736,3,221000000,55,Antioquia - Copacabana - Machado,Copacabana,Copacabana
4031365,6,2200000000,5000,!!te ofrezco hermosa casa en excelente parcelacion,Copacabana,Copacabana
4384457,3,1500000000,300,"Finca en Venta, Copacabana, Antioquia, unidad cerrada",Copacabana,Copacabana
4168878,2,130000000,184,Venta de cada finca,Copacabana,Copacabana
4168820,3,255000000,61,Venta de espectacular apto,Copacabana,Copacabana
3901139,3,150000000,50,Apartamento En Venta En Copacabana La Pradera Cod. VMAT12377,Copacabana,Copacabana
4352424,4,980000000,472,"Finca en Venta, Copacabana, Antioquia, unidad cerrada",Copacabana,Copacabana
4230650,3,290000000,115,"Casa Copacabana, Antioquia Barrio María - Se Vende",Copacabana,Copacabana
4376090,3,950000000,475,Finca en Copacabana,Copacabana,Copacabana
4365875,4,270000000,70,"Venta Apartamento Bello, Machado, Medellín, Antioquia",Copacabana,Copacabana
4389422,3,185730000,52,Apartamento en Copacabana - barrio fatima,Copacabana,Copacabana
4375344,3,1500000000,500,Casa Finca en Copacabana Pesebreras,Copacabana,Copacabana
4393707,4,1300000000,300,Finca en Copacabana Vereda el Zarzal,Copacabana,Copacabana
4377897,3,465000000,73,Finca en Copacabana vereda el Salado,Copacabana,Copacabana
4394758,3,2147483647,550,Finca en Venta en Copacabana  Villa roca,Copacabana,Copacabana
4383139,3,2147483647,370,Finca en Copacabana vereda pamplemusa,Copacabana,Copacabana
4358976,3,1450000000,265,FINCA EN COPACABANA,Copacabana,Copacabana
4382847,3,183830000,55,Propiedad en  en Copacabana - Fatima,Copacabana,Copacabana
4377678,3,185000000,52,Apartamento en Copacabana Barrio Fátima,Copacabana,Copacabana
4363303,3,1650000000,300,FINCA EN VENTA EN COPACABANA,Copacabana,Copacabana
4391759,4,920000000,364,Finca en Copacabana Hermosa Vista,Copacabana,Copacabana
4264061,3,188500000,51,VENTA DE PROYECTO DE APARTAMENTOS EN COPACABANA ANTIOQUIA,Copacabana,Copacabana
2550550,3,150000000,67,Venta apartamento Copacabana-Porvenir,Copacabana,Copacabana
4379429,3,750000000,500,Finca en Copacabana Vereda el Zarzal,Copacabana,Copacabana
4384411,4,520000000,250,Finca Copacabana Vereda Sabaneta,Copacabana,Copacabana
4349619,3,2147483647,1500,FINCA EN COPACABANA,Copacabana,Copacabana
4356623,3,2147483647,1500,#casa campestre en venta Copacabana Medellín JZ,Copacabana,Copacabana
4362840,3,2147483647,950,"Venta Finca Copacabana, Antioquia",Copacabana,Copacabana
4391699,3,870000000,250,Finca en Copacabana,Copacabana,Copacabana
4398497,3,980000000,350,Finca en Copacabana,Copacabana,Copacabana
4373276,3,400000000,300,Finca en Copacabana Vereda Quebrada Arriba,Copacabana,Copacabana
4381889,5,189260000,57,Apartamento en Copacabana  Fátima,Copacabana,Copacabana
4293936,2,250000000,88,APARTAMENTO PARA LA VENTA EN GIRARDOTA ,Girardota,Girardota
4309357,3,1700000000,7000,Finca venta Girardota vereda El totumo,Girardota,Girardota
2200543,4,1080000000,5000,Vendo espectacular Girardota Vereda Platanito,Girardota,Girardota
3986926,4,1700000000,5800,"Finca en Venta vereda El Totumo Girardota Antioquia, ",Girardota,Girardota
3421455,4,3500000000,6,Antioquia - Girardota - Vereda Cabildo,Girardota,Girardota
1737056,3,3000000000,762,BODEGA EN VENTA EN Girardota ,Girardota,Girardota
2127333,6,2800000000,825,Antioquia - Girardota - Portachuelo,Girardota,Girardota
1737057,3,3000000000,762,BODEGA EN VENTA EN Girardota ,Girardota,Girardota
4275515,2,270000000,600,CASA FINCA EN GUARNE,Girardota,Girardota
4251281,3,750000000,374,Finca en Venta Girardota Antioquia ,Girardota,Girardota
2639387,2,400000000,80,CABAÑAS EN VENTA -  GIRARDOTA COD: 19115,Girardota,Girardota
4173491,3,4000000000,500,"CASA FINCA EN VENTA - SECTOR EL LIMONAR, COPACABANA COD: 23372",Girardota,Girardota
4249027,4,1600000000,3067,CASA CAMPESTRE EN VENTA EN Girardota ,Girardota,Girardota
2240842,3,9000000000,2476,Antioquia - Girardota - Doble Calzada Bello Hatillo,Girardota,Girardota
3423074,4,3000000000,300,Vendo Espectacular Finca de 6 Cuadras Girardota ,Girardota,Girardota
3880733,4,3800000000,27500,Vendo Finca en Girardota el zarzal,Girardota,Girardota
3882588,5,3500000000,27000,Vendo Finca en Girardota Antioquia,Girardota,Girardota
4129498,5,1600000000,3067,Antioquia - Girardota - Portachuelo,Girardota,Girardota
3943725,2,240000000,102,"CASA BIFAMILIAR EN VENTA - SECTOR LA SELVA, GIRARDOTA COD: 22013",Girardota,Girardota
3943770,4,2950000000,480,CASA FINCA EN VENTA - SECTOR GIRARDOTA COD: 21899,Girardota,Girardota
4229389,5,3500000000,37000,Antioquia - Girardota - Vereda Cabildo,Girardota,Girardota
3558449,2,2700000000,43,Antioquia - Girardota,Girardota,Girardota
4265131,3,281000000,70,VENTA DE PROYECTO DE CASAS EN GIRARDOTA ANTIOQUIA,Girardota,Girardota
3342258,2,1000000000,120,LOTE EN VENTA EN Girardota ,Girardota,Girardota
3980180,3,165000000,52,"APARTAMENTO EN VENTA - SECTOR SANTA ANA, GIRARDOTA COD: 23398",Girardota,Girardota
4164010,1,2500000000,4800,"Venta Finca Girardota, Antioquia",Girardota,Girardota
4079629,6,3500000000,27000,Se vende finca en Girardota,Girardota,Girardota
4199115,2,235000000,170,"CASA DE 3 NIVELES, PARA LA VENTA EN GIRARDOTA, NUEVO HORIZONTE ",Girardota,Girardota
4040247,3,570000000,13660,Antioquia - Girardota,Girardota,Girardota
4042466,4,3500000000,240,Antioquia - Girardota - Sector Enka,Girardota,Girardota
3687054,4,2800000000,12000,Antioquia - Girardota - Girardota,Girardota,Girardota
1736640,2,4483500000,8967,LOTE EN VENTA EN Girardota ,Girardota,Girardota
3521782,3,3500000000,700,SE VENDE FINCA EN GIRARDOTA ANTIOQUIA,Girardota,Girardota
3834007,3,81305000,4646,BODEGA EN ARRIENDO EN GIRARDOTA 4.646M2,Girardota,Girardota
2130520,6,1600000000,4600,VENTA CASA CAMPESTRE GIRARDOTA VDA EL TOTUMO,Girardota,Girardota
4195153,4,980000000,5000,Antioquia - Girardota - Portachuelo,Girardota,Girardota
3974486,4,1500000000,3000,Antioquia - Medellín,Girardota,Girardota
4176565,3,350000000,100,Antioquia - Girardota,Girardota,Girardota
4188832,3,290000000,85,"APARTAMENTOS EN CONSTRUCCIÓN, PARA LA VENTA EN GIRARDOTA",Girardota,Girardota
4359758,4,2147483647,120,Venta Hermosa Finca Girardota Antioquia,Girardota,Girardota
4377700,4,430000000,200,Casa Lote en Girardota Antioquia Con Aire,Girardota,Girardota
4043385,3,330000000,114,Venta casa - lote en Girardota,Girardota,Girardota
4394766,3,1700000000,450,Finca en Girardota vereda el totumo,Girardota,Girardota
4374390,4,281000000,70,Casa en venta de 70 M2 Girardota,Girardota,Girardota
3901141,4,2800000000,12000,Finca En Venta En Girardota Vereda San Diego Cod. VMAT12380,Girardota,Girardota
2151419,4,41800000000,110000,LOTE EN VENTA EN Girardota ,Girardota,Girardota
4379981,3,2147483647,600,Finca en Girardota Vereda San Diego,Girardota,Girardota
4362615,3,2147483647,4800,"Venta Finca Girardota, Antioquia",Girardota,Girardota
4372700,3,2147483647,300,Finca en Girardota Vereda Cabildo,Girardota,Girardota
2099612,6,3000000000,17963,Antioquia - Girardota - Vereda El Totumo,Girardota,Girardota
2194528,3,2400000000,17106,Finca en venta en Girardota Antioquia,Girardota,Girardota
3611393,2,175000000,69,VENTA APARTAMENTO EN GIRARDOTA,Girardota,Girardota
3954731,3,270000000,45,VENDO APARTAMENTO EN GIRARDOTA,Girardota,Girardota
3702961,3,270000000,85,VENTA APARTAMENTO EN GIRARDOTA,Girardota,Girardota
1737050,6,800000000,162,LOCAL EN VENTA EN Girardota ,Girardota,Girardota
4121071,0,3800000000,400,FINCA EN VENTA EN Girardota ,Girardota,Girardota
4373717,0,2147483647,450,Finca en Girardota Vereda San Diego Hermosa Vista,Girardota,Girardota
4378976,0,480000000,130,Finca en Girardota vereda juan cojo,Girardota,Girardota
4387529,0,700000000,300,Finca en Girardota vereda el totumo,Girardota,Girardota
4374797,0,950000000,410,Finca en Girardota vereda portachuelos,Girardota,Girardota
4379167,0,2147483647,600,Finca en Venta Girardota el limonar,Girardota,Girardota
4377085,0,650000000,220,Finca en Girardota Vereda juan Cojo,Girardota,Girardota
4374552,0,1000000000,500,Finca en Girardota Vereda el Totumo,Girardota,Girardota
4391411,0,1600000000,400,Finca en Girardota Vereda el Totumo,Girardota,Girardota
4383488,0,280000000,60,Finca en Girardota Vereda San Andrés,Girardota,Girardota
4382872,0,850000000,220,Casa condominio en Girardota vereda Juan cojo,Girardota,Girardota
3703473,3,300000000,100,VENTA APARTAMENTO EN GIRARDOTA,Girardota,Girardota
3703572,3,250000000,70,VENTA APARTAMENTO EN GIRARDOTA,Girardota,Girardota
3720604,3,220000000,75,VENTA APARTAMENTO EN GIRARDOTA,Girardota,Girardota
1736800,3,20000000,24000,LOTE EN ARRIENDO EN Girardota ,Girardota,Girardota
2228213,3,390000000,5000,FINCA EN GIRARDOTA VEREDA JAMUNDI,Girardota,Girardota
2229196,3,920000000,12800,Se vende hermosa Finca en Girardota Antioquia,Girardota,Girardota
2237441,5,1300000000,3485,HERMOSA CASA CAMPESTRE EN GIRARDOTA,Girardota,Girardota
4009770,0,380000000,3100,Antioquia - Girardota - Vereda San Andrés,Girardota,Girardota
2556842,3,1800000000,4300,Antioquia - Girardota,Girardota,Girardota
3678672,2,260000000,91,SE VENDE CASA EN GIRARDOTA,Girardota,Girardota
3954556,2,260000000,91,VENDO APARTAMENTO EN GIRARDOTA,Girardota,Girardota
4086552,0,950000000,4320,Antioquia - Girardota,Girardota,Girardota
4379469,0,2000000000,600,Finca en Girardota Vereda el Totumo Parte media,Girardota,Girardota
4382639,0,800000000,350,Finca en Girardota Vereda el Barro,Girardota,Girardota
2211374,3,7000000000,59600,"Finca venta Girardota, Antioquia",Girardota,Girardota
4193607,0,1600000000,3067,"HERMOSA FINCA PARA LA VENTA EN GIRARDOTA, VEREDA PORTACHUELO ",Girardota,Girardota
4375174,0,850000000,250,Finca en Girardota Vereda Manga Arriba,Girardota,Girardota
1736707,4,25000000000,50000,LOTE EN VENTA EN Girardota ,Girardota,Girardota
4157540,2,450000000,15277,Venta Lote en Girardota,Girardota,Girardota
2667991,0,3800000000,10000,Finca Girardota Antioquia Se Vende- Permuta,Girardota,Girardota
2740483,0,3500000000,38400,Antioquia - Girardota - Vereda Cabildo,Girardota,Girardota
4374919,0,2147483647,1100,"Venta de finca en Giradota, Antioquia",Girardota,Girardota
4377441,0,2147483647,12000,ESPECTACULAR FINCA UBICADA EN EL SECTOR DE GIRARDOTA MEDELLIN AP,Girardota,Girardota
2232532,3,3500000000,10492,VENTA FINCA EN PARCELACIN EN GIRARDOTA,Girardota,Girardota
3233021,0,2000000000,57600,Antioquia - Girardota,Girardota,Girardota
3354791,3,690000000,2000,FINCA EN VENTA EN Girardota ,Girardota,Girardota
4360254,3,405000000,114,Venta de Casa en Girardota,Girardota,Girardota
2220042,5,1600000000,12116,Vendo finca en Girardota Antioquia con piscina,Girardota,Girardota
2229210,3,500000000,6400,Vencambio  casa finca  en Girardota-Ant.,Girardota,Girardota
2302995,3,950000000,3700,Casa finca Negociable con piscina y Vista,Girardota,Girardota
4072594,4,2800000000,12000,HERMOSA FINCA EN GIRARDOTA PARA LA VENTA CON PISCINA Y CABALLERIZAS.,Girardota,Girardota
4292858,0,280000000,5800,Venta Lote en Girardota Antioquia,Girardota,Girardota
1964873,3,1290000000,4000,Antioquia - Girardota - Portacholo,Girardota,Girardota
1838338,3,2500000000,17963,Antioquia - Girardota,Girardota,Girardota
1736722,4,36360000,1777,BODEGA EN ARRIENDO EN Girardota ,Girardota,Girardota
1736723,4,36360000,1777,BODEGA EN ARRIENDO EN Girardota ,Girardota,Girardota
3787201,3,260000000,70,Apartamento En Venta En Girardota Parque,Girardota,Girardota
2368334,3,580000000,1100,CASA CAMPESTRE EN EXCELENTE VEREDA DE GIRARDOTA,Girardota,Girardota
2368424,3,380000000,600,FINCA EN GIRARDOTA GANGAZO PORTACHUELOS,Girardota,Girardota
2218940,3,3700000000,26400,"Finca Hermosa en Girardota, Vereda San Diego**",Girardota,Girardota
1970821,4,1200000000,7200,SE VENDE ACOGEDORA FINCA EN GIRARDOTA ANTIOQUIA,Girardota,Girardota
2032633,3,1300000000,19000, VENTA FINCA EN GIRARDOTA,Girardota,Girardota
1950504,3,1200000000,6400,FINCA EN GIRARDOTA 6 MIL MTS 1200 MILLONES,Girardota,Girardota
4372721,0,2147483647,400,"Finca en Venta, en Giradota Antioquia, vereda El Cabildo",Girardota,Girardota
3944543,0,1000000000,7000,"Finca Girardota Antioquia, Vereda Portachuelo Se Vende/ Permuta",Girardota,Girardota
3616165,0,3500000000,330,Vendo casa de recreo girardota antioquia,Girardota,Girardota
4288326,0,9000000,300,Arriendo de espectacular local,Girardota,Girardota
2980191,6,900000000,245,Antioquia - Medellín - Los Balsos,Los Balsos,Medellin
3042775,6,900000000,270,"Antioquia - Medellín - El Poblado, San Lucas",Poblado,Medellin
2509602,5,700000000,204,Antioquia - Medellín - El Campestre,Poblado,Medellin
2554825,6,525000000,93,Venta de Apartamento en el Poblado ,Poblado,Medellin
3902117,5,495000000,115,"Apartamento En Venta Laureles, Medellín.",Laureles,Medellin
3679184,6,1190000000,245,BAJO DE PRECIO OPORTUNIDAD!  CASA CERCA AL TESORO,Medellin,Medellin
3679245,6,1550000000,300,VENDO APARTAMENTO CERCA AL INTERCONTINENTAL,Medellin,Medellin
3679290,6,980000000,305,ALCANTARA,Alcantara,Medellin
3713641,6,1300000000,200,Antioquia - Medellín - Balsos,Los Balsos,Medellin
1641563,6,4300000000,1264,"Antioquia - Medellín - El Poblado, La Provenza",Poblado,Medellin
3938219,3,950000000,3200,Antioquia - Santa Elena - Vda El Plan,Poblado,Medellin
3639802,2,850000000,3200,Antioquia - Santa Elena - Vereda El Plan,Poblado,Medellin
3876860,5,330000000,98,Apartamento en venta en Calasanz  - Medellín,Calasanz,Medellin
3878839,6,670000000,152,VENDO APARTAMENTO POR LOS BALSOS,Los Balsos,Medellin
2308541,5,810000000,157,Hermoso apartamento para la venta en Laureles,Laureles,Medellin
2338507,6,2300000000,600,VENDO O PERMUTO CASA EN LA AV LAS PALMAS CERCA AL TUNEL,Poblado,Medellin
3394616,5,740000000,200,Apartamento Duplex en Venta Conquistadores Medellín Antioquia.,Conquistadores,Medellin
3405234,6,1648000000,367,Apartamento en venta Poblado Las Santas ,Poblado,Medellin
3421600,6,620000000,220,Antioquia - Medellín - Loma De Los Gonzalez,Medellin,Medellin
3469632,5,465000000,115,"Se Vende Apartamento en Simón Bolívar ,Medellin",Medellin,Medellin
2227767,6,3200000000,1050,VENDO CASA INDEPENDIENTE CERCA C.C VIZCAYA,Medellin,Medellin
3521751,6,880000000,213,"Apartamento en venta, Poblado, San Michel",Poblado,Medellin
3527522,5,460000000,156,Apartamento en Venta Laureles Medellín Antioquia.,Laureles,Medellin
3540571,6,1400000000,276,Antioquia - Medellín - La Calera,Medellin,Medellin
3554921,5,770000000,154,"Penthouse duplex en venta en El Velodromo, Medellin",El Velodromo,Medellin
3572254,4,630000000,161,Antioquia - Medellín - Laureles,Laureles,Medellin
3590232,5,450000000,126,VENDO APARTAMENTO  DIAGONAL A LA UPB LAURELES,Laureles,Medellin
3591446,5,550000000,108,VENDO ESPECTACULAR APARTAMENTO EN ZUÑIGA ,Zuñiga,Medellin
3601111,5,2950000000,1000,"Venta Casa independiente en la Avenida las Palmas, El Poblado",Poblado,Medellin
3605708,5,430000000,86,"Apartamento duplex en venta en El Velódromo, Medellin",El Velodromo,Medellin
3608912,3,270000000,80,"Venta apartamento interno, Barrio Bomboná 1, Medellín. ",Bombona,Medellin
3794776,4,380000000,116,VENDO  CASA EN LA FLORESTA 116 M2,Floresta,Medellin
2063147,2,300000000,126,"Casa en Girardota, Antioquia",Girardota,Girardota
2135771,3,250000000,3365,GRAN OPORTUNIDAD FINCA PARA SACAR 2 LOTES,Girardota,Girardota
3818128,4,320000000,100,Apartamento en venta Calasanz Medellin ,Calasanz,Medellin
3818138,2,105000000,60,Apartamento duplex en Venta Manrique las Granjas Medellín Antioquia.,Manrique,Medellin
3819086,4,850000000,1600,VENDO CASA FINCA EN SANTA ELENA VEREDA EL PLAN,Poblado,Medellin
3821112,5,665000000,195,Apartamento para la venta en Medellín sector Laureles,Laureles,Medellin
4246593,5,505000000,111,"Apartamento en Venta. Medellín, Laureles.",Laureles,Medellin
4246607,4,350000000,101,"Casa en Venta. Medellín, Loma del Indio.",Medellin,Medellin
4250947,4,370000000,77,APARTAMENTO EN VENTA LOS COLORES PISO ALTO UNIDAD CERRADA,Los Colores,Medellin
4255954,6,650000000,129,Antioquia - Medellín - Poblado Los Balsos,Los Balsos,Medellin
4259063,5,780000000,160,Antioquia - Medellín - Laureles,Laureles,Medellin
4260134,3,230000000,53,APARTAMENTO EN VENTA EN CALASANZ UNIDAD CERRADA PISO 7,Calasanz,Medellin
4269483,5,300000000,53,Apartamento en venta sector San Julian,Medellin,Medellin
4280507,5,800000000,255,Casa en Venta sector el Nogal Medellín,El Nogal,Medellin
4280628,5,415000000,137,Apartamento en venta Conquistadores,Conquistadores,Medellin
4281625,6,2500000000,258,Antioquia - Medellín - Las Palmas,Poblado,Medellin
4282002,4,650000000,152,SE VENDE CASA EN SECTOR BELLA VISTA.,Bella Vista,Medellin
4282038,5,520000000,106,Apartamento en venta Simón Bolívar,Simon Bolivar,Medellin
4282222,5,780000000,156,Casa en venta en Simón Bolívar ,Simon Bolivar,Medellin
4282270,5,576000000,156,Apartamento en venta en Simón Bolívar ,Simon Bolivar,Medellin
3863955,6,590000000,144,Antioquia - Medellín - Loma De Los Parra,Loma de los Parra,Medellin
3933663,4,600000000,99,"Apartamento en Venta. Medellín, Calasanz.",Calasanz,Medellin
3958271,5,680000000,169,"Venta Apartamento en Laureles, Medellín",Laureles,Medellin
4052767,6,1500000000,432,Antioquia - Medellín - La Calera,La Calera,Medellin
4070627,5,580000000,128,"Apartamento en Venta. Medellín, Los Bernal.",Los Bernal,Medellin
4072605,5,380000000,80,Antioquia - Medellín - Laureles El Nogal,Laureles,Medellin
4081203,6,1090000000,189,Antioquia - Medellín - Altos Del Poblado,Poblado,Medellin
4096942,4,270000000,56,"VENTA APARTAMENTO, LA FLORESTA, ANTIOQUIA ",Floresta,Medellin
4270276,4,780000000,128,Apartamento en Venta en Medellín - Alejandria,Medellin,Medellin
4270720,5,700000000,145,Antioquia - Medellín - Laureles,Laureles,Medellin
4272015,6,1190000000,231,Hermoso apartamento en venta sector La Tomatera,La Tomatera,Medellin
4283071,5,395000000,123,APARTAMENTO EN VENTA - SECTOR CONQUISTADORES COD: 24866,Conquistadores,Medellin
4284106,5,550000000,182,apartamento en venta Belén  La Mota,Belen,Medellin
4033174,6,630000000,117,Apartamento en Poblado Castropol,Poblado,Medellin
4146605,6,375000000,79,Apartamento en Venta Sector San Lucas ,Medellin,Medellin
4146625,5,310000000,67,Apartamento para la venta Pilarica ,Pilarica,Medellin
4159316,5,750000000,210,Se vende apartamento dúplex en Laureles,Laureles,Medellin
4173620,6,740000000,109,Antioquia - Medellín - Loma De Los Gonzalez,Medellin,Medellin
3959421,3,475000000,97,Apartamento en Venta Belén Parque Medellín Antioquia.,Belen,Medellin
4245661,4,370000000,67,"Apartamento en venta en Tierra Firme San Germán, Medellín",Medellin,Medellin
4299198,6,730000000,112,Apartamento venta ceylan Medellin,Medellin,Medellin
4299284,5,570000000,124,"SE VENDE APARTAMENTO EN MEDELLÍN ANTIOQUIA, SECTOR LA CASTELLANA.",La Castellana,Medellin
4299296,5,420000000,150,VENTA APARTAMENTO LOS COLORES,Los Colores,Medellin
4299397,4,240000000,60,Antioquia - Medellín - Belén Loma De Los Bernal,Belen,Medellin
4299903,3,290000000,80,VENDO APARTAMENTO EN BELEN LA MOTA PISO 1,Belen,Medellin
4299908,3,870000000,2400,"Casa campestres en venta o arriendo en Santa Elena, Antioquia",Poblado,Medellin
4299967,4,531000000,110,"Apartamento dúplex en venta en Belén, Medellín",Belen,Medellin
4299970,4,389805000,98,"Apartamento dúplex en venta en Belén, Medellín",Belen,Medellin
4299972,4,578950000,139,"Apartamento dúplex en venta en Belén, Medellín",Belen,Medellin
4300077,5,250000000,53,VENDO APARTAMENTO EN LOMA DE LOS BERNAL ,Los Bernal,Medellin
4300133,5,530000000,88,APARTAMENTO EN VENTA - SECTOR EL ESTADIO COD: 24937,Estadio,Medellin
4300324,4,265000000,60,SE VENDE APARTAMENTO EN CALASANZ,Calasanz,Medellin
4300674,5,4500000000,1900,"SE VENDE CASA EN MEDELLÍN ANTIOQUIA, SECTOR MIRADOR DEL POBLADO.",Poblado,Medellin
4301288,4,320000000,88,Antioquia - Medellín - Santa Fé,Medellin,Medellin
4301302,5,1000000000,245,Antioquia - Medellín - Laureles,Laureles,Medellin
4301303,4,360000000,74,Antioquia - Medellín - Loma Del Indio,Medellin,Medellin
4301307,6,510000000,90,Antioquia - Medellín - Poblado,Poblado,Medellin']
4279781,4,390000000,52,"Apartamento en Venta Medellin, Belen Fatima",Belen,Medellin
4214052,5,670000000,174,VENTA DE APARTAMENTO EN LAURELES - MEDELLIN,Laureles,Medellin
4214103,6,428000000,89,Se vende apartamento en el Poblado Castropol,Poblado,Medellin
4219492,6,2200000000,900,Venta casa en en Poblado - Medellin,Poblado,Medellin
4221211,6,1500000000,489,Casa El Poblado Cola del zorro,Poblado,Medellin
4293239,6,8600000000,3216,"SE VENDE CASA EN MEDELLÍN ANTIOQUIA, SECTOR LAS PALMAS.",Poblado,Medellin
4293520,5,600000000,94,APARTAMENTO EN VENTA BELEN  NOGAL MEDELLÍN,Poblado,Medellin
4293536,5,425000000,80,"APARTAMENTO EN VENTA - SECTOR LAS PALMAS, EL POBLADO COD: 24843",Poblado,Medellin
4293590,5,435000000,110,APARTAMENTO EN VENTA - SECTOR CONQUISTADORES COD: 24797,Conquistadores,Medellin
4293825,5,635000000,109,Venta de apartamento en Zuñiga cerca a la niña.Maria,Medellin,Medellin
4295082,6,2250000000,753,"Casa en Venta Altos del Poblado, Medellín",Poblado,Medellin
4295110,6,450000000,64,APTOS EN VENTA SECTOR LAS PALMAS/INTERCONTINENTAL,Poblado,Medellin
4295113,6,600000000,103,APARTAMENTO EN VENTA EN SECTOR LAS PALMAS/CASTROPOL,Poblado,Medellin
4295115,6,680000000,90,APARTAMENTO EN VENTA SECTOR LAS PALMAS / INTERCONTINENTAL,Poblado,Medellin
4295117,6,800000000,175,APARTAMENTO EN VENTA EN EL POBLADO/MEDELLÍN/COLOMBIA,Poblado,Medellin
4295156,3,135000000,40,"Se Vende Apartamento en Robledo La Campiña, Medellin",Robledo,Medellin
4295280,6,659000000,95,"Se Vende Apartamento en Ciudad del Rio, Medellin",Medellin,Medellin
4295355,6,10500000000,2750,"SE VENDE CASA EN MEDELLÍN ANTIOQUIA, SECTOR LAS PALMAS.",Poblado,Medellin
4295416,4,330000000,74,Apartamento Loma del indio,Medellin,Medellin
4296294,4,430000000,92,VENDEMOS APTO CONQUISTADORES,Conquistadores,Medellin
4296531,6,8000000000,5163,"SE VENDE CASA EN MEDELLÍN ANTIOQUIA, SECTOR LAS PALMAS.",Poblado,Medellin
4296742,6,800000000,226,Apartamento Venta Medellin Poblado Provenza 225m2,Poblado,Medellin
4296904,6,720000000,130,Apartamento en Castropol,Poblado,Medellin
4296905,3,330000000,192,Venta Casa en San Javier,San Javier,Medellin
4297041,5,260000000,65,Apartamento en venta en Robledo Pilarica,Robledo,Medellin
4297158,6,950000000,82,"AIRBNB APARTMENT FOR SALE IN POBLADO CLOSE TO PROVENZA, MEDELLIN",Poblado,Medellin
4297186,6,900000000,148,"SE VENDE  APARTAMENTO EN POBLADO, SECTOR SANTA MARÍA DE LOS ANGELES.",Poblado,Medellin
2195424,3,138000000,76,apartamento en venta girardota,Girardota,Girardota
2218931,3,3700000000,26400,"Casa Camp Hermosa en Girardota, Vereda San Diego**",Girardota,Girardota
2338225,2,218000000,2600,Finca en Girardota- vereda la meseta ,Girardota,Girardota
1838339,3,415000000,5000,"Finca en Venta en Girardota, Antioquia",Girardota,Girardota
3880283,0,3000000000,38400,VENTA FINCA EN GIRARDOTA ANTIOQUIA,Girardota,Girardota
3770096,0,4000000000,10000,Antioquia - Girardota - Enka De Colombia,Girardota,Girardota
3957651,0,515000000,3200,Antioquia - Girardota - Girardota,Girardota,Girardota
4329934,0,2147483647,3800,Hermosa Finca Cerca A Girardota,Girardota,Girardota
4378071,0,2147483647,450,Finca en Girardota via Manga arriba,Girardota,Girardota
1736533,1,2200000000,8500,LOTE EN VENTA EN Girardota ,Girardota,Girardota
2034573,3,1050000000,6400,Antioquia - Girardota,Girardota,Girardota
3989526,0,1250000000,640,VENDO CASA EN GIRARDOTA,Girardota,Girardota
4083510,2,160000000,2900,HERMOSO LOTE EN SAN VICENTE,Girardota,Girardota
4354387,0,550000000,4100,Lote en Girardota vereda el totumo,Girardota,Girardota
4364104,0,2147483647,4329,"BODEGA EN VENTA, PARQUE INDUSTRIAS GIRARDOTA",Girardota,Girardota
3951368,0,500000000,3200,Venta Finca en Girardota Vereda El Barro JM,Girardota,Girardota
2944408,0,1300000000,400,Antioquia - Girardota,Girardota,Girardota
2729846,0,250000000,130,AMPLIA CASA EN VENTA EN GIRARDOTA ,Girardota,Girardota
2731215,0,320000000,5000,Casa Finca,Girardota,Girardota
3708667,2,300000000,5000,venta de casa finca en girardota,Girardota,Girardota
2715013,0,3600000000,13000,CASA FINCA EN UNIDAD CERRADA GIRARDOTA,Girardota,Girardota
2716161,0,850000000,225,CASA  FINCA CAMPESTRE  GIRARDOTA,Girardota,Girardota
3225120,0,750000000,200,Finca venta Girardota vereda Manga arriba ,Girardota,Girardota
3917122,5,295000000,97,Venta de Apartamento en la Loma del Escobero,Envigado,Envigado
2995939,5,2600000000,3600,VENDO PERMUTO CASA CAMPESTRE INDEPENDIENTE LOMA DEL ESCOBERO ENVIGADO,Envigado,Envigado
3043124,5,750000000,186,Casa en Venta en Envigado,Envigado,Envigado
3847347,5,480000000,94,VENDO APARTAMENTO EN ENVIGADO 94 M2  SECTOR CUMBRES,Envigado,Envigado
3890014,4,280000000,73,Apartamento en venta en Envigado Sector La Paz,Envigado,Envigado
3891831,5,485000000,98,"Venta apartamento en Envigado,  Loma del Esmeraldal",Envigado,Envigado
3220547,5,630000000,115,Antioquia - Envigado - Cumbres,Envigado,Envigado
3295694,5,900000000,190,Antioquia - Envigado - Loma Del Chocho,Envigado,Envigado
3362087,5,1270000000,252,Antioquia - Envigado - Loma Del Chocho,Envigado,Envigado
3383208,4,310000000,72,Antioquia - Envigado - Señorial,Envigado,Envigado
3494638,5,2200000000,1750,"Venta de casa campestre en el Alto de Las Palmas, Envigado ",Envigado,Envigado
2730402,6,1380000000,397,Antioquia - Envigado - Loma Del Chocho,Envigado,Envigado
2776407,5,490000000,116,Antioquia - Envigado - Loma Del Esmeraldal,Envigado,Envigado
2892170,5,490000000,94,Antioquia - Envigado - Otra Parte,Envigado,Envigado
3604595,6,485000000,88,Antioquia - Envigado - Transversal Intermedia,Envigado,Envigado
2073844,3,890000000,184,Antioquia - Envigado - Loma Del Esmeraldal,Envigado,Envigado
4260301,5,540000000,105,Apartamento en Venta en Envigado - Zuñiga,Envigado,Envigado
4279910,5,4999000000,1627,Venta Casa con Piscina en el Escobero,Envigado,Envigado
4280411,5,790000000,150,VENDO APARTAMENTO EN ENVIGADO SECTOR LOMA DE LAS BRUJAS ,Envigado,Envigado
4280779,5,420000000,83,Antioquia - Envigado,Envigado,Envigado
4280920,5,620000000,118,Antioquia - Envigado - Jardines - Otra Parte,Envigado,Envigado
4281498,5,630000000,108,SE VENDE APARTAMENTO EN ENVIGADO SECTOR LAS BRUJAS,Envigado,Envigado
4281793,5,950000000,189,"SE VENDE CASA EN ENVIGADO ANTIOQUIA, SECTOR LA CALLEJA.",Envigado,Envigado
4282660,3,1250000000,1200,Finca en Venta en Envigado - ZuÑiga,Envigado,Envigado
4282965,5,960000000,171,Antioquia - Envigado - Loma De Las Brujas,Envigado,Envigado
4282969,6,350000000,62,VENDO APARTAMENTO EN ENVIGADO SECTOR EL ESCOBERO,Envigado,Envigado
4283070,5,675000000,186,Antioquia - Envigado - La Abadia,Envigado,Envigado
4283314,6,430000000,54,"APARTAESTUDIO EN VENTA - SECTOR EL ESCOBERO, ENVIGADO",Envigado,Envigado
4283382,3,1400000000,1400,Casa Independiente Loma Esmeraldal,Envigado,Envigado
4283516,3,287999999,72,VENDO HERMOSO Y ACOGEDOR APARTAMENTO RECIEN REMODELADO DE 72 mt.,Envigado,Envigado
4064152,5,430000000,92,Antioquia - Envigado - El Portal,Envigado,Envigado
4070935,4,295000000,63,Vendo Casa en el conjunto residencial Vista Alegre- Envigado 63 m2,Envigado,Envigado
4073309,5,430000000,110,VENDO APARTAMENTO EN URBANIZACION VILLA FONTANA ENVIGADO 110 M2,Envigado,Envigado
4082462,5,400000000,80,"Apartamento en Venta en Loma Las Brujas, Envigado",Envigado,Envigado
4284806,4,270000000,60,Venta. Apartamento. Envigado. Mesa. P. 10 C. 4789370,Envigado,Envigado
4287394,5,520000000,130,apartamento en venta Envigado Esmeralda ,Envigado,Envigado
4287426,4,400000000,83,Apartamento para la venta en Envigado Sector Señorial,Envigado,Envigado
4288080,3,1350000000,350,Finca en Venta en Envigado - El Salado,Envigado,Envigado
4288157,3,236000000,69,"VENDO APARTAMENTO EN MARINILLA, SECTOR LA DALIA",Envigado,Envigado
4288580,4,280000000,65,"Antioquia - Envigado - Envigado, Las Antillas",Envigado,Envigado
4288947,3,260000000,62,Apartamento en Venta en Envigado - Las Cometas,Envigado,Envigado
4289056,5,800000000,147,Antioquia - Envigado - Loma De Las Brujas,Envigado,Envigado
4289698,5,570000000,95,Apartamento en Venta en Envigado - La Abadia,Envigado,Envigado
4289794,4,355000000,70,Apartamento en Venta en Envigado - El Dorado,Envigado,Envigado
4289856,4,840000000,220,Casa en Venta en Envigado - San Marcos,Envigado,Envigado
4290445,5,850000000,175,Antioquia - Envigado - Sur,Envigado,Envigado
4290549,4,310000000,67,APARTAMENTO EN VENTA - SECTOR SAN RAFAEL,Envigado,Envigado
4279223,5,550000000,103,Antioquia - Envigado - Cumbres,Envigado,Envigado
4279649,4,315000000,66,Antioquia - Envigado - La Cuenca,Envigado,Envigado
4221613,4,1450000000,2497,Antioquia - Medellín,Envigado,Envigado
4293344,5,790000000,138,Antioquia - Envigado - Loma Del Chocho,Envigado,Envigado
4293459,5,560000000,120,"SE VENDE APARTAMENTO EN ENVIGADO ANTIOQUIA, SECTOR CUMBRES.",Envigado,Envigado
4293522,6,580000000,75,APARTAESTUDIO EN VENTA - SECTOR ALTO DE LAS PALMAS,Envigado,Envigado
4293537,5,630000000,100,"SE VENDE APARTAMENTO EN ENVIGADO ANTIOQUIA, SECTOR CUMBRES.",Envigado,Envigado
4294196,5,550000000,100,"SE VENDE APARTAMENTO EN ENVIGADO ANTIOQUIA, SECTOR CUMBRES.",Envigado,Envigado
4294219,3,190000000,62,Apartamento en venta Envigado Alto de las Flores ,Envigado,Envigado
4294806,5,640000000,108,"SE VENDE APARTAMENTO EN ENVIGADO ANTIOQUIA, SECTOR LOMA DE LAS BRUJAS.",Envigado,Envigado
4294824,5,550000000,102,"SE VENDE APARTAMENTO EN ENVIGADO ANTIOQUIA, SECTOR CUMBRES.",Envigado,Envigado
4295131,5,1460000000,273,"SE VENDE PENTHOUSE EN ENVIGADO ANTIOQUIA, SECTOR LOMA DE LAS BRUJAS- ",Envigado,Envigado
4295337,5,850000000,90,Venta. Casa. Envigado. Tres Esquinas. P. 1 C. 4850828,Envigado,Envigado
4295367,4,330000000,64,Antioquia - Envigado - La Cuenca,Envigado,Envigado
4295717,5,710000000,167,Venta casa Abadia Envigado ,Envigado,Envigado
4296395,5,520000000,105,Antioquia - Envigado - Loma De Las Brujas,Envigado,Envigado
4298241,5,385000000,74,"Apartamento Dúplex en Venta. Envigado, Cumbres.",Envigado,Envigado
4300629,6,1550000000,2800,"SE VENDE CASA EN ENVIGADO ANTIOQUIA, SECTOR LOMA DEL ESCOBERO.",Envigado,Envigado
4300959,4,370000000,77,"Apartamento en Venta. Envigado, La Sebastiana.",Envigado,Envigado
4301564,5,2300000000,512,Venta casa Envigado Los Benedictinos,Envigado,Envigado
4301606,5,1290000000,200,"Venta casa Envigado La Calleja, san lucas",Envigado,Envigado
4302172,4,315000000,66,"SE VENDE APARTAMENTO EN ENVIGADO ANTIOQUIA, SECTOR LA CUENCA.",Envigado,Envigado
4302559,5,455000000,95,Antioquia - Envigado - Loma Del Escobero,Envigado,Envigado
4233541,5,605000000,97,Antioquia - Envigado - Cumbres,Envigado,Envigado
4240384,4,385000000,81,"Apartamento en Venta. Envigado, Las Antillas. ",Envigado,Envigado
4303259,5,710000000,174,Antioquia - Envigado - La Abadia,Envigado,Envigado
4303763,6,3600000000,2000,Vendo Casa Loma del Escobero Envigado,Envigado,Envigado
4304698,5,770000000,138,Antioquia - Envigado - Loma De Las Brujas,Envigado,Envigado
4305481,5,570000000,113,Apartamento Venta Envigado Loma Escobero 113 m2,Envigado,Envigado
4306641,5,680000000,127,Antioquia - Envigado - Loma De Las Brujas,Envigado,Envigado
4276335,3,380000000,76,Antioquia - Envigado - Señorial,Envigado,Envigado
4276492,5,710000000,126,Antioquia - Envigado - Cumbres,Envigado,Envigado
4291360,5,970000000,181,Antioquia - Envigado - La Sebastiana,Envigado,Envigado
4292132,5,765000000,137,"Apartamento en Venta. Envigado, Benedictinos. ",Envigado,Envigado
4292454,5,900000000,76,Casa en Venta en Envigado - Cumbres,Envigado,Envigado
4292481,5,470000000,79,Venta apartamento en el Esmeraldal - Envigado,Envigado,Envigado
4292749,2,235000000,67,Apartamento en Venta en Envigado - San Jose,Envigado,Envigado
4292867,5,340000000,60,Apartamento en Venta en Envigado - Loma Del Escobero,Envigado,Envigado
4292869,3,330000000,74,Antioquia - Envigado - Manga Azul,Envigado,Envigado
4292955,4,320000000,93,Apartamento en Venta en Envigado - Mesa,Envigado,Envigado
4293161,5,2400000000,1623,Antioquia - Envigado - Loma Del Escobero,Envigado,Envigado
4164002,5,560000000,118,"Venta Apartamento en Loma El Escobero, Envigado",Envigado,Envigado
4166817,4,530000000,110,Apartamento Hecho a  Tus Necesidades,Envigado,Envigado
4168749,5,1250000000,180,Antioquia - Envigado - Suroriente,Envigado,Envigado
3969091,6,630000000,100,VENDO APTO EN ENVIGADO CERCA A LA ESTACION DEL METRO Y AL EXITO.,Envigado,Envigado
4120859,5,560000000,123,Antioquia - Envigado - Loma Del Escobero,Envigado,Envigado
4122415,5,480000000,87,Venta Apartamento Envigado Zuñiga,Envigado,Envigado
4124023,5,940000000,174,Antioquia - Envigado - Loma Las Brujas,Envigado,Envigado
4306716,4,480000000,100,Apartamento en venta en Envigado el Chocho,Envigado,Envigado
4306724,5,470000000,87,Venta Apartamento Envigado Zuñiga,Envigado,Envigado
4275180,3,200000000,56,Palmeras en Envigado. 55.6 M2,Envigado,Envigado
4272976,4,1060000000,166,Antioquia - Envigado - El Chocho,Envigado,Envigado
4272977,5,2400000000,400,Antioquia - Envigado - El Chocho,Envigado,Envigado
4275730,3,260000000,69,Apartamento para la venta en Envigado (Gualandayes),Envigado,Envigado
4275873,4,510000000,103,Apartamento venta otra parte Envigado,Envigado,Envigado
4276447,4,520000000,110,Antioquia - Envigado,Envigado,Envigado
4278737,5,1330000000,317,Casa en Venta en Envigado - Loma El Atravesado,Envigado,Envigado
4230826,4,432000000,87,Antioquia - Envigado - Las Antillas,Envigado,Envigado
4233263,5,470000000,79,Venta apartamento en el Esmeraldal - Envigado,Envigado,Envigado
4290865,5,530000000,110,Casa en Venta en Envigado - El Portal,Envigado,Envigado
4291937,5,450000000,94,"Apartamento en Venta. Envigado, Otraparte.",Envigado,Envigado
4292059,5,1550000000,500,VENDO CASA EN ENVIGADO SECTOR EL ESCOBERO,Envigado,Envigado
4292427,5,650000000,116,Apartamento en Venta en Envigado - El Chocho,Envigado,Envigado
4292483,5,950000000,230,Casa en Venta en Envigado - Loma Del Escobero,Envigado,Envigado
4292497,6,430000000,54,APARTAESTUDIO EN VENTA - SECTOR EL ESCOBERO,Envigado,Envigado
4292580,3,205000000,52,Antioquia - Envigado - La Mina,Envigado,Envigado
4292589,5,1200000000,286,Antioquia - Envigado - Transversal Intermedia,Envigado,Envigado
4292815,5,620000000,153,Apartamento en Venta en Envigado - Loma De Las Brujas,Envigado,Envigado
4293597,5,460000000,78,Venta apartamento en el Esmeraldal - Envigado,Envigado,Envigado
4228922,4,322500000,81,Apartamento en Venta Sabaneta Antioquia.,Sabaneta,Sabaneta
4265342,4,275000000,66,"Apartamento en Venta. Sabaneta, Entre amigos.",Sabaneta,Sabaneta
4271044,3,330000000,68,Apartamento venta Sabaneta loma san Jose,Sabaneta,Sabaneta
4273333,4,326500000,81,APARTAMENTO EN VENTA EN SABANETA SECTOR CALLE LARGA,Sabaneta,Sabaneta
4203972,4,532000000,106,"Apartamento en Venta. Sabaneta, Pan de Azúcar.",Sabaneta,Sabaneta
4067221,3,380000000,78,"Apartamento en Venta. Sabaneta, Mayorca.",Sabaneta,Sabaneta
4082486,4,280000000,60,Venta de Apartamento en Sabaneta sector Villas del Carmen,Sabaneta,Sabaneta
4087253,4,355000000,78,Apartamento en venta Sabaneta- San jose 78 mt2,Sabaneta,Sabaneta
4284145,4,530000000,101,"APARTAMENTO EN VENTA SABANETA, AVES MARIA",Sabaneta,Sabaneta
4284159,4,345000000,78,apartamento  en venta Sabaneta Los Alcázares ,Sabaneta,Sabaneta
4285070,4,320000000,78,Apartamento en Venta en Sabaneta San José ,Sabaneta,Sabaneta
4292101,4,262000000,57,"Apartaestudio en Venta. Sabaneta, Los Alcázares. ",Sabaneta,Sabaneta
4292104,4,306000000,62,"Apartamento en Venta. Sabaneta, Los Alcázares. ",Sabaneta,Sabaneta
4292341,4,325000000,68,SE VENDE ESPECTACULAR APARTAMENTO SECTOR SABANETA ,Sabaneta,Sabaneta
4292924,4,365000000,77,Apartamento en Venta Calle Larga Sabaneta Antioquia.,Sabaneta,Sabaneta
4293924,2,260000000,59,Venta. Apartamento. Sabaneta. La Doctora. P. 19 C. 4836617,Sabaneta,Sabaneta
4293933,4,460000000,100,Apartamento en Venta Sabaneta La Doctora ,Sabaneta,Sabaneta
4240962,4,350000000,75,Venta. Apartamento. Sabaneta. Trapiche. P.25 C. 4758819,Sabaneta,Sabaneta
4247144,3,325000000,74,Apartamento en Venta en Sabaneta - Holanda,Sabaneta,Sabaneta
4275727,3,230000000,60,"APARTAMENTO EN VENTA SABANETA, SECTOR LA DOCTORA, PARQUEADERO Y ÚTIL",Sabaneta,Sabaneta
4276174,4,340000000,71,VENDO APARTAMENTO EN SABANETA ,Sabaneta,Sabaneta
4278147,4,395000000,83,Venta. Apartamento. Sabaneta. Lomitas. P. 8 C.4814706,Sabaneta,Sabaneta
4279555,4,485000000,128,APARTAMENTO EN VENTA SABANETA AVES MARÍA,Sabaneta,Sabaneta
4282884,4,1400000000,650,Antioquia - Sabaneta - Sabaneta,Sabaneta,Sabaneta
4132938,4,530000000,101,Venta de apartamento en Sabaneta las lomitas ,Sabaneta,Sabaneta
4132953,4,310000000,88,Venta de apartamento Sabaneta aves María,Sabaneta,Sabaneta
4144326,5,395000000,99,"Se Vende Apartamento en Las Lomitas, Sabaneta",Sabaneta,Sabaneta
4157312,4,460000000,92,Apartamento Venta Sabaneta El Carmelo 92m2,Sabaneta,Sabaneta
4157341,5,550000000,101,Venta Apartamento Sabaneta 101 m2,Sabaneta,Sabaneta
4301134,4,320000000,68,Venta de Apartamento Calle Larga Sabaneta,Sabaneta,Sabaneta
4310973,3,330000000,55,Venta de Apartamento Alcazares Sabaneta,Sabaneta,Sabaneta
4311931,4,306000000,62,VENDO APARTAMENTO EN SABANETA RESTREPO NARANJO,Sabaneta,Sabaneta
4311984,4,381000000,79,"Apartamento en Venta. Sabaneta, Asdesillas.",Sabaneta,Sabaneta
4165073,4,377000000,74,Comodo Apartamento con excelentes zonas verdes ,Sabaneta,Sabaneta
4174565,4,360000000,77,Apartamento en Parque residencial un Sitio Ideal,Sabaneta,Sabaneta
4175306,3,260000000,60,Apartamento en Barrio Residencial  con Vista,Sabaneta,Sabaneta
4180279,4,220000000,96,Antioquia - Sabaneta,Sabaneta,Sabaneta
4191585,4,230000000,59,VENDO APARTAMENTO EN SABANETA 59M2 A 2 CUADRAS DEL METRO,Sabaneta,Sabaneta
4193673,5,360000000,75,Comodo Apartamento  con  linda Vista,Sabaneta,Sabaneta
4193708,4,320000000,57,VENTA APARTAMENTO NUEVO ZONA RESIDENCIAL SABANETA,Sabaneta,Sabaneta
4201657,3,400000000,84,APARTAMENTO EN VENTA EN SABANETA,Sabaneta,Sabaneta
4035780,4,420000000,82,Antioquia - Sabaneta - San Jose,Sabaneta,Sabaneta
4024823,4,605000000,139,Antioquia - Sabaneta - Loma De San José,Sabaneta,Sabaneta
4049226,4,395000000,99,SE VENDE ESPECTACULAR APARTAMENTO EN SABANETA ,Sabaneta,Sabaneta
4049230,5,395000000,99,SE VENDE APARTAMENTO EN SABANETA MUY BIEN UBICADO,Sabaneta,Sabaneta
4132935,4,480000000,127,Venta de apartamento en Sabaneta Aves María,Sabaneta,Sabaneta
4132945,4,350000000,87,Venta de apartamento en Sabaneta Aves María,Sabaneta,Sabaneta
4132959,4,950000000,198,PH en Sabaneta Aves Maria Lindos Acabados,Sabaneta,Sabaneta
4138337,4,325000000,77,"Apartamento en Venta Sector de San José, Sabaneta Antioquia",Sabaneta,Sabaneta
4144232,5,395000000,99,"Se Vende Apartamento en Las Lomitas, Sabaneta",Sabaneta,Sabaneta
4156203,4,380000000,89,Apartamento en Venta San José Sabaneta Antioquia.,Sabaneta,Sabaneta
4098177,5,598000000,172,"Penthouse en Venta. Sabaneta, Cañaveralejo.",Sabaneta,Sabaneta
4308454,4,377000000,74,"SE VENDE APARTAMENTO EN SABANETA ANTIOQUIA, SECTOR PAN DE AZÚCAR.",Sabaneta,Sabaneta
4308513,4,1050000000,340,"SE VENDE CASA EN SABANETA ANTIOQUIA, SECTOR LA DOCTORA.",Sabaneta,Sabaneta
4306472,5,395000000,99,"SE VENDE APARTAMENTO EN SABANETA ANTIOQUIA, SECTOR AVES MARÍA.",Sabaneta,Sabaneta
4308729,4,295000000,70,"Apartamento en Venta. Sabaneta, La Holanda.",Sabaneta,Sabaneta
4310056,4,365000000,115,Venta de apartamento sabaneta parque,Sabaneta,Sabaneta
4304357,3,240000000,60,"VENDO APARTAMENTO EN SABANETA, SECTOR LAS VEGAS",Sabaneta,Sabaneta
4305633,4,330000000,72,"Apartamento en Venta Barrio Virgen del Carmen, Sabaneta Antioquia",Sabaneta,Sabaneta
4305667,4,326000000,81,"Apartamento en Venta. Sabaneta, Prados de Sabaneta.",Sabaneta,Sabaneta
4308408,3,360000000,84,Venta de Apartamento Alcazares Sabaneta,Sabaneta,Sabaneta
3553118,4,420000000,87,"Apartamento en Venta, Sabaneta",Sabaneta,Sabaneta
4222704,4,380000000,78,Antioquia - Sabaneta - El Carmelo,Sabaneta,Sabaneta
4285405,4,320000000,73,VENTA DE APARTAMENTO EN SABANETA SECTOR CALLE LARGA,Sabaneta,Sabaneta
4249294,4,398000000,79,Antioquia - Sabaneta - Sabaneta,Sabaneta,Sabaneta
4164203,5,464000000,106,Se vende apartamento en Sabaneta,Sabaneta,Sabaneta
4304481,4,475000000,103,SE VENDE APARTAMENTO EN SABANETA  ANTIOQUIA LOMA DE SAN JOSE,Sabaneta,Sabaneta
4307329,2,215000000,74,"Apartamento en Venta. Sabaneta, La Florida.",Sabaneta,Sabaneta
4310271,4,480000000,100,"APARTAMENTO DUPLEX EN VENTA - SECTOR BETANIA, SABANETA COD: 24928",Sabaneta,Sabaneta
4310356,2,228000000,88,"APARTAMENTO EN VENTA - SECTOR CALLE LARGA, SABANETA COD: 25012",Sabaneta,Sabaneta
4311825,4,525000000,146,"SE VENDE APARTAMENTO EN SABANETA ANTIOQUIA, SECTOR LOMA SAN JOSE.",Sabaneta,Sabaneta
4192165,2,210000000,55,"Apartamento para la venta en Sabaneta, Loma de San José",Sabaneta,Sabaneta
2995901,4,290000000,65,APARTAMENTO 65 M2 CERCA HOSPITAL DE SABANETA Y ESTACIÓN METRO ESTRELLA,Sabaneta,Sabaneta
3975409,4,380000000,129,VENDO APARTAMENTO EN SABANETA  ANTIOQUIA SECTOR AVES MARIA,Sabaneta,Sabaneta
4291799,4,375000000,82,"Apartamento en Venta. Sabaneta, San Remo / Cañaveralejo.",Sabaneta,Sabaneta
4292082,5,480000000,106,"Apartamento en venta en Sabaneta, San José",Sabaneta,Sabaneta
4292133,3,265000000,74,"Apartamento en Venta. Sabaneta, Los Arias.",Sabaneta,Sabaneta
4293392,2,180000000,62,Casa en venta Sabaneta barrio Restrepo Naranjo,Sabaneta,Sabaneta
4278469,4,398000000,79,"SE VENDE APARTAMENTO EN SABANETA  ANTIOQUIA, SECTOR CAÑAVERALEJO.",Sabaneta,Sabaneta
4279520,3,270000000,87,Venta de apartamento en Sabaneta Antioquia,Sabaneta,Sabaneta
4309082,4,375000000,76,"Apartamento en Venta. Sabaneta, La Florida.",Sabaneta,Sabaneta
4310384,4,295000000,62,Se vende apartamento en Sabaneta Antioquia,Sabaneta,Sabaneta
1736688,4,400000000,106,APARTAMENTO EN VENTA EN Sabaneta ,Sabaneta,Sabaneta
4292543,4,275000000,48,APARTAESTUDIO EN VENTA EN Sabaneta ,Sabaneta,Sabaneta
4287692,4,430000000,85,APARTAMENTO EN VENTA EN Sabaneta ,Sabaneta,Sabaneta
4287699,4,360000000,77,APARTAMENTO EN VENTA EN Sabaneta ,Sabaneta,Sabaneta
4287708,4,298000000,60,APARTAMENTO EN VENTA EN Sabaneta ,Sabaneta,Sabaneta
4310099,4,463000000,77,APARTAMENTO EN VENTA EN Sabaneta ,Sabaneta,Sabaneta
3713609,4,350000000,88,Antioquia - Sabaneta - Restrepo Naranjo,Sabaneta,Sabaneta
3656346,4,285000000,77,Antioquia - Sabaneta - Restrepo Naranjo,Sabaneta,Sabaneta
4272093,4,620000000,116,"Apartamento  en venta Las Lomitas Sabaneta, bonito, moderno y amplio",Sabaneta,Sabaneta
4284570,4,360000000,78,Apartamento en Sabaneta ,Sabaneta,Sabaneta
4284660,5,364450000,73,Antioquia - Sabaneta,Sabaneta,Sabaneta
4290564,4,395000000,86,Antioquia - Sabaneta - Las Lomitas,Sabaneta,Sabaneta
4296264,4,450000000,93,Apartamento en Venta Aves Marías Sabaneta Antioquia.,Sabaneta,Sabaneta
4298037,4,309000000,64,"Venta Apartamento en Sabaneta, Antioquia",Sabaneta,Sabaneta
4302672,4,450000000,110,Antioquia - Sabaneta,Sabaneta,Sabaneta
4209797,4,366000000,80,Apartamento en Venta Asdesillas Sabaneta Antioquia.,Sabaneta,Sabaneta
4035814,4,410000000,166,Antioquia - Sabaneta - Sabaneta,Sabaneta,Sabaneta
4193731,5,353000000,68,Venta Comodo  Apartamento en Zona alta del sur,Sabaneta,Sabaneta
4146728,4,395000000,85,Antioquia - Sabaneta - Sabaneta / Euro,Sabaneta,Sabaneta
4157333,4,398000000,79,"Venta Apartamento Sabaneta, Mayorca 79 m2",Sabaneta,Sabaneta
3970337,4,280000000,57,Venta Apartamento Cañaveralejo Sabaneta,Sabaneta,Sabaneta
4059234,4,2700000,130,"SE ARRIENDA CASA EN ENVIGADO, ANDALUCIA",Sabaneta,Sabaneta
4290664,3,230000000,63,Apartamento en Venta Itagüí Porvenir,Itagui,Itagui
4293422,3,260000000,66,APARTAMENTO EN VENTA ITAGÙI VIVIENDAS DEL SUR,Itagui,Itagui
4293471,3,205000000,72,APARTAMENTO EN VENTA ITAGÙI VIVIENDAS DEL SUR,Itagui,Itagui
4171897,5,2800000000,1500,Amplia Casa Familiar en Sector Campestre,Itagui,Itagui
4248011,3,205000000,57,Antioquia - Itagui,Itagui,Itagui
4278884,4,320000000,79,Antioquia - Itagui - Itagui,Itagui,Itagui
4279032,4,430000000,105,Apartamento en Suramerica,Itagui,Itagui
4279237,3,464800000,182,"VENDO APARTAMENTO UNIFAMILIAR EN ITAGÜÍ, SECTOR SANTAMARÍA#1",Itagui,Itagui
4141315,3,160000000,55,Apartamento San Gabriel Itagüi,Itagui,Itagui
4164288,4,310000000,63,apartamento en venta La Estrella Suramerica,Itagui,Itagui
4298417,4,300000000,63,Venta de apartamento en Itagui sector Suramerica,Itagui,Itagui
4309179,4,240000000,51,SE VENDE APARTAESTUDIO EN SURAMERICANA ITAGUI,Itagui,Itagui
4157522,4,450000000,97,Venta Apartamento Itagui 97 m2,Itagui,Itagui
4161592,4,345000000,74,"Apartamento en Venta. La Estrella, Suramérica.",Itagui,Itagui
4164502,4,240000000,53,Apartamento venta Itagui Sur America 53m2,Itagui,Itagui
3821350,4,445000000,163,Venta Casa Unifamiliar Sector Ditaires Itagui,Itagui,Itagui
3933188,3,310000000,67, Venta de Apartamento en Itagui sector el Guayabo,Itagui,Itagui
4282967,4,240000000,60,"APARTAMENTO EN VENTA - SECTOR EL PORVENIR, ITAGÜI COD: 24738",Itagui,Itagui
4284111,2,335000000,64,Vendo apartamento en Suramérica Itagùi,Itagui,Itagui
4290705,3,260000000,66,Apartamento en Venta Itagüí Porvenir,Itagui,Itagui
4293441,3,215000000,52,APARTAMENTO EN VENTA ITAGÙI VIVIENDAS DEL SUR,Itagui,Itagui
4297055,4,590000000,175,Casa en venta La Estrella  ,Itagui,Itagui
4306323,3,210000000,61,ARRIENDO APARTAMENTO VIVIENDAS DEL SUR ITAGUI,Itagui,Itagui
4206916,4,255000000,79,SE VENDE APARTAMENTO EN SECTOR ITAGUI,Itagui,Itagui
4298410,4,300000000,60,Venta de apartamento en Itagui sector Suramérica,Itagui,Itagui
4302866,4,430000000,88,"Apartamento en venta en Suramérica, Itagüi",Itagui,Itagui
4303992,4,315000000,75,"APARTAMENTO EN VENTA - SECTOR LOS NARANJOS, ITAGUI COD: 24993",Itagui,Itagui
4042416,3,250000000,64,"Venta Apartamento, Itagüí ",Itagui,Itagui
2145041,3,250000000,66,CASA EN VENTA EN Itagüí ,Itagui,Itagui
4295111,3,1800000,76,EN ARRIENDO APARTAMENTO SECTOR PARQUE ITAGUI / LA GRAN MANZANA,Itagui,Itagui
4191620,6,11000000,660,ARRIENDO BODEGA EN ITAGÜI SECTOR CAPRICENTRO AREA 660 M2,Itagui,Itagui
3998613,6,7500000,350,ALQUILO BODEGA INDUSTRIAL EN ITAGUI 350 M2 ,Itagui,Itagui
3999945,6,22500000,350,ALQUILO BODEGA INDUSTRIAL EN ITAGUI 1050 M2 EN TRES NIVELES,Itagui,Itagui
3998632,6,7500000,350,ALQUILO BODEGA INDUSTRIAL CERCA DE ESTACION ENVIGADO DEL METRO 350 M2 ,Itagui,Itagui
3919952,3,340000000,123,"Venta Apartamento La Gloria Itagüí, Antioquia",Itagui,Itagui
1717322,3,280000000,61,Antioquia - Itagui - Sector Centro,Itagui,Itagui
4247965,4,680000000,269,Antioquia - Itagui - Sur America,Itagui,Itagui
4284038,2,165000000,60,Venta de Apartamento El Rosario Itagüí,Itagui,Itagui
4289629,4,144900000,43,"VENTA DE APARTAMENTO EN DITAIRES URB LA COLINA DE ASIS, ITAGUI",Itagui,Itagui
4302022,4,305000000,68,Antioquia - Itagui,Itagui,Itagui
4307061,3,330000000,160,Casa en Venta San Jose Itagui Antioquia.,Itagui,Itagui
4311207,3,220000000,67,Venta de Apartamento Itagüí  ,Itagui,Itagui
3986898,3,230000000,90,Casa Unifamiliar en Venta Barrio la Finca Itagüí Antioquia.,Itagui,Itagui
4073188,4,375000000,88,Apartamento en Suramerica,Itagui,Itagui
4148068,4,390000000,83,Apartamento en Suramerica,Itagui,Itagui
3905662,3,245000000,76,Antioquia - Itagui - Simón Bolívar,Itagui,Itagui
4081148,3,195000000,65,Antioquia - Itagui - Terranova,Itagui,Itagui
4306347,4,620000000,213,"Casa Itaguí, Suramérica - Se Vende",Itagui,Itagui
4310734,2,210000000,100,Antioquia - Itagui,Itagui,Itagui
4304941,3,265000000,115,Apartamento en venta en Itagui,Itagui,Itagui
4307882,3,200000000,70,Venta de Apartamento San Pablo Itagüí,Itagui,Itagui
4283534,2,165000000,60,Venta de Apartamento El Rosario Itagüí,Itagui,Itagui
4284108,2,190000000,100,Venta de Apartamento El Rosario Itagüí,Itagui,Itagui
4285061,3,240000000,55,Venta de Apartamento en Itagui Antioquia,Itagui,Itagui
4289928,3,210000000,58,VENTA LOCAL ESQUINERO ITAGUI DITAIRES ,Itagui,Itagui
3430566,6,1850000000,300,Vendo Bodega Rentando Itagüí 440 mts,Itagui,Itagui
4284104,2,190000000,100,Venta de Apartamento El Rosario Itagüí,Itagui,Itagui
4301997,4,410000000,78,Antioquia - Itagui,Itagui,Itagui
3908294,4,295000000,77,Antioquia - Itagui - Suramerica,Itagui,Itagui
4283341,4,315000000,65,Apartamento en Suramerica,Itagui,Itagui
4284089,2,170000000,65,Venta de Apartamento El Rosario Itagüí,Itagui,Itagui
4284095,2,170000000,65,Venta de Apartamento El Rosario Itagüí,Itagui,Itagui
3845766,4,780000000,206,PR12613. SE VENDE CASA EN SECTOR YURAMITO - ITAGUI,Itagui,Itagui
4087357,3,150000000,60,Venta Apartamento Itagui Viviendas del Sur,Itagui,Itagui
4309533,3,182000000,52,Local en Venta Independencia Itagui Antioquia.,Itagui,Itagui
3751366,4,250000000,65,Apartamento en  la estrella,Itagui,Itagui
3751383,3,255000000,66,Apartamento en Itagui,Itagui,Itagui
3751421,2,210000000,63,APARTAMENTO EN ITAGUI,Itagui,Itagui
3751379,4,385000000,88,Apartamento en Venta en Suramérica,Itagui,Itagui
1736735,4,4000000,170,LOCAL EN ARRIENDO EN Itagüí ,Itagui,Itagui
4287528,3,250000000,66,SE VENDE CASA EN ITAGUI,Itagui,Itagui
4291533,3,260000000,80,SE VENDE APARTAMENTO EN ITAGUI,Itagui,Itagui
4256714,4,325000000,71,Antioquia - Itagui - Itagui,Itagui,Itagui
4264646,4,358000000,73,VENDO APARTAMENTO EN SURAMERICA,Itagui,Itagui
4269875,4,720000000,158,"SE VENDE CASA EN ITAGUI ANTIOQUIA, SECTOR SURAMERÍCA.",Itagui,Itagui
4270805,3,255000000,66,"APARTAMENTO EN VENTA - SECTOR VIVIENDAS DEL SUR, ITAGÜI COD: 24735",Itagui,Itagui
4270809,3,243000000,61,"APARTAMENTO EN VENTA - SECTOR PORVENIR, ITAGÜI COD: 24755",Itagui,Itagui
4176133,5,1000000000,357,"Venta de Casa en La Estrella, Suramerica",Itagui,Itagui
4241428,3,279000000,61,Apartamento en Itagui Fatima,Itagui,Itagui
4244261,3,279000000,61,"VENTA DE APARTAMENTO EN FÁTIMA, ITAGÜÍ ANTIOQUIA",Itagui,Itagui
4244268,3,289000000,65,VENTA DE APARTAMENTO EN ITAGÜÍ ANTIOQUIA,Itagui,Itagui
4246384,4,415000000,82,"APARTAMENTO EN VENTA - SECTOR SANTA CATALINA, ITAGÜI COD: 24744",Itagui,Itagui
4246882,4,800000000,158,Casa en Venta en La Estrella - Suramerica,Itagui,Itagui
4248294,3,170000000,55,"APARTAMENTO EN VENTA - SECTOR SAN GABRIEL, ITAGÜI COD: 24742",Itagui,Itagui
4161443,3,289000000,65,Antioquia - Itagui - Parque,Itagui,Itagui
3900130,3,270000000,67,Antioquia - Itagui - Induamerica,Itagui,Itagui
3967065,4,300000000,62,APARTAMENTO EN VENTA EN Itagüí ,Itagui,Itagui
2514093,4,195000000,60,MARAVILLOSO APARTAMENTO VENTA ITAGÜI COD: 18072,Itagui,Itagui
2521718,4,210000000,59,IDEAL APARTAMENTO VENTA - SECTOR ITAGÜI COD: 18008,Itagui,Itagui
3944164,3,155000000,86,"ACOGEDOR APARTAMENTO EN VENTA - SECTOR VILLA CENTRAL, ITAGÜI ",Itagui,Itagui
2555154,3,190000000,60,APARTAMENTO EN VENTA -  ITAGÜI C OD: 18306,Itagui,Itagui
2569937,2,320000000,120,CASA UNIFAMILIAR EN VENTA -LA ESTRELLA COD: 18344,Itagui,Itagui
2580581,3,185000000,61,"APARTAMENTO EN VENTA - FERRARA, ITAGÜI COD: 18599",Itagui,Itagui
2588286,3,150000000,57,APARTAMENTO EN VENTA - ITAGÜI COD: 18629,Itagui,Itagui
2590657,3,185000000,58,"APARTAMENTO EN VENTA -ALICATE, ITAGÜI COD: 18687",Itagui,Itagui
2611458,3,155000000,98,CASA BIFAMILIAR EN VENTA -  ITAGÜI COD: 18826,Itagui,Itagui
2621150,4,272950000,69,APARTAMENTO EN VENTA -  ITAGÜI COD: 18849,Itagui,Itagui
2635340,4,287000000,71,APARTAMENTO EN VENTA - ITAGÜI COD: 19059,Itagui,Itagui
2638518,3,250000000,116,APARTAMENTO EN VENTA - SIMON BOLIVAR COD: 19070,Itagui,Itagui
2639504,3,195000000,56,APARTAMENTO EN VENTA - ITAGÜI COD: 19121,Itagui,Itagui
2659623,3,150000000,66,APARTAMENTO EN VENTA -  ITAGÜI COD: 19230,Itagui,Itagui
2670938,4,270000000,73,APARTAMENTO EN VENTA -  ITAGÜI COD: 19419,Itagui,Itagui
2670970,4,270000000,73, APARTAMENTO EN VENTA - ITAGÜI COD: 19420,Itagui,Itagui
2672292,3,206000000,60,APARTAMENTO EN VENTA - ITAGÜI COD: 19434,Itagui,Itagui
2672409,3,165000000,65,APARTAMENTO EN VENTA  ITAGÜI COD: 19447,Itagui,Itagui
2672453,3,165000000,65,APARTAMENTO EN VENTA -  ITAGÜI COD: 19450,Itagui,Itagui
2678972,3,280000000,135,CASA BIFAMILIAR EN VENTA - ITAGÜI COD: 19487,Itagui,Itagui
2679001,3,200000000,58,APARTAMENTO EN VENTA - ITAGÜI COD: 19490,Itagui,Itagui
2130194,4,385000000,88,MARAVILLOSO APARTAMENTO VENTA ITAGÜI COD: 16589,Itagui,Itagui
2188862,3,305000000,84,MAGNIFICO APARTAMENTO VENTA DITAIRES ITAGÜI 17075,Itagui,Itagui
4240785,3,259600000,58,"VENTA DE PROYECTO EN RESERVAS, ITAGÜÍ ANTIOQUIA",Itagui,Itagui
4240810,4,253500000,54,"VENTA DE PROYECTO EN DITAIRES, ITAGÜÍ ANTIOQUIA",Itagui,Itagui
4240905,4,262500000,58,"VENTA DE PROYECTO EN DITAIRES, ITAGÜÍ ANTIOQUIA",Itagui,Itagui
4164337,4,295000000,63,apartamento en venta La Estrella Suramérica,Itagui,Itagui
3987620,3,300000000,82,"VENDO APARTAMENTO EN ITAGUI, SECTOR VIVIENDAS DEL SUR",Itagui,Itagui
3944163,4,175000000,72,"CASA BIFAMILIAR EN VENTA - SECTOR DITAIRES, ITAGÜI ",Itagui,Itagui
3944415,3,1950000,56,APARTAMENTO AMOBLADO EN ARRENDAMIENTO ,Itagui,Itagui
3944461,5,1250000000,310,CASA UNIFAMILIAR EN VENTA -  ITAGÜI COD: 19591,Itagui,Itagui
3944464,3,220000000,72, APARTAMENTO EN VENTA - ITAGÜI COD: 19565,Itagui,Itagui
2544766,4,1950000,60,APARTAMENTO AMOBLADO  - ITAGÜI COD: 18379,Itagui,Itagui
2547743,3,175000000,70,"APARTAMENTO EN VENTA , ITAGÜI COD: 18171",Itagui,Itagui
2552002,3,185400000,55,APARTAMENTO EN VENTA - ITAGÜI COD: 18210,Itagui,Itagui
2558119,3,236900000,70,CASA BIFAMILIAR EN VENTA - ITAGÜI COD: 18330,Itagui,Itagui
2573119,3,160000000,60,APARTAMENTO EN VENTA -SAN ANT DE PRADO COD. 18393,Itagui,Itagui
2575644,5,360000000,88, APARTAMENTO EN VENTA -ITAGÜI COD: 18443,Itagui,Itagui
2579639,3,170000000,56,APARTAMENTO EN VENTA -  ITAGÜI COD. 18469,Itagui,Itagui
2580600,3,180000000,61,"APARTAMENTO EN VENTA - FERRARA, ITAGÜI COD: 18600",Itagui,Itagui
2609119,5,650000000,150,CASA UNIFAMILIAR EN VENTA - ITAGÜI COD: 18797,Itagui,Itagui
2611553,3,270000000,69,APARTAMENTO EN VENTA - ITAGÜI COD: 18830,Itagui,Itagui
2652184,4,319300000,77,APARTAMENTO EN VENTA - ITAGÜI COD: 19189,Itagui,Itagui
2664368,3,200000000,91,APARTAMENTO EN VENTA -ITAGÜI COD: 19296,Itagui,Itagui
3901849,3,275000000,65,VENTA DE APARTAMENTO EN ITAGÜÍ PARQUE,Itagui,Itagui
2672406,3,165000000,65,APARTAMENTO EN VENTA -  ITAGÜI COD: 19446,Itagui,Itagui
2672419,3,165000000,65,APARTAMENTO EN VENTA - ITAGÜI COD: 19448,Itagui,Itagui
2672441,3,165000000,65,APARTAMENTO EN VENTA -  ITAGÜI COD: 19449,Itagui,Itagui
2672467,3,195000000,90,APARTAMENTO EN VENTA - ITAGÚI COD: 19452,Itagui,Itagui
3923599,4,350000000,84,Apartamento en venta en Suramerica Itagui,Itagui,Itagui
3695766,3,305000000,62,"Apartamento para la venta en La Estrella, sector la Aldea",La Estrella,La Estrella
4233317,4,280000000,65,Cómodo apartamento en zona residencial del sur,La Estrella,La Estrella
4288110,4,330000000,67,Antioquia - La Estrella - La Ferreria,La Estrella,La Estrella
4294443,4,320000000,81,Venta. Apartamento. Itagüí. Yarumito. P. 15 C. 4843706,La Estrella,La Estrella
4238369,4,270000000,63,Antioquia - La Estrella,La Estrella,La Estrella
4281386,4,430000000,105,Apto Suramerica Itagui,La Estrella,La Estrella
4132963,3,250000000,55,apartamento la estrella sector suramerica,La Estrella,La Estrella
4302876,4,315000000,68,"Apartamento en venta en La Estrella, La Ferrería",La Estrella,La Estrella
4305830,4,260000000,57,APARTAMENTO EN VENTA - SECTOR LA FERRERIA. LA ESTRELLA COD: 24987,La Estrella,La Estrella
4191286,5,580000000,116,Antioquia - La Estrella,La Estrella,La Estrella
4191303,4,780000000,196,Antioquia - La Estrella,La Estrella,La Estrella
3009073,4,360000000,80,"Apartamento para estrenar, Ferreira, en la Estrella, Antioquia.",La Estrella,La Estrella
3846262,3,155000000,47,"Venta Apartamento La Tablaza – La Estrella, Antioquia.",La Estrella,La Estrella
3954628,4,830000000,2000, VENTA DE CASA EN LA ESTRELLA  SECTOR LA TABLAZA,La Estrella,La Estrella
3967094,4,350000000,87,Antioquia - La Estrella - Suramerica,La Estrella,La Estrella
3936482,4,398000000,86,"Apartamento en Venta. La Estrella, Suramérica.",La Estrella,La Estrella
2730370,4,375000000,86,Antioquia - Itagui - Suramercia,La Estrella,La Estrella
4224812,3,215000000,50,Antioquia - La Estrella - La Tablaza,La Estrella,La Estrella
4287757,4,260000000,57,Antioquia - La Estrella - La Ferreria,La Estrella,La Estrella
4291682,4,630000000,117,Casa Venta La Estrella Toledo 117 m2,La Estrella,La Estrella
4295318,4,315000000,79,Antioquia - La Estrella - La Ferreria,La Estrella,La Estrella
4300083,3,215000000,59,"APARTAMENTO EN VENTA - SECTOR LA QUINTA, LA ESTRELLA COD: 24939",La Estrella,La Estrella
4300179,4,1450000000,475,Antioquia - La Estrella - La Aldea,La Estrella,La Estrella
4301869,4,430000000,88,VENTA DE APARTAMENTO EN LA ESTRELLA SECTOR SURAMERICA,La Estrella,La Estrella
4238335,4,300000000,64,Antioquia - La Estrella,La Estrella,La Estrella
4246887,3,175000000,54,Apartamento en Venta en La Estrella - Tablaza,La Estrella,La Estrella
4172513,3,1120000000,3400,Finca con Vista Espectacular muy Cerca de la Ciudad,La Estrella,La Estrella
4185191,4,350000000,1000,Se vende hermosa casa campestre Antioquia,La Estrella,La Estrella
4191301,4,620000000,160,Antioquia - La Estrella,La Estrella,La Estrella
4132957,4,325000000,74,venta de Apartamento sector salvatorianos la estrella,La Estrella,La Estrella
4081210,3,1500000000,682,Venta de lote en la estrella sector la tablaza,La Estrella,La Estrella
4279065,3,170000000,46,Antioquia - La Estrella - La Tablaza,La Estrella,La Estrella
4310266,4,265000000,62,"Apartamento en Venta. La Estrella, Alameda.",La Estrella,La Estrella
4305306,3,220000000,54,VENDEMOS APTO SECTOR LA TABLAZA ESTRELLA,La Estrella,La Estrella
4288966,3,213000000,58,APARTAMENTO EN VENTA EN La Estrella,La Estrella,La Estrella
4309876,4,250000000,63,APARTAMENTO EN VENTA EN La Estrella,La Estrella,La Estrella
3914114,4,320000000,68,APARTAMENTO EN VENTA EN La Estrella,La Estrella,La Estrella
3914205,4,630000000,194,CASA EN VENTA EN La Estrella,La Estrella,La Estrella
2967919,4,1680000000,661,CASA EN VENTA EN La Estrella,La Estrella,La Estrella
3100906,4,360000000,85,APARTAMENTO EN VENTA EN La Estrella,La Estrella,La Estrella
4220168,4,210000000,58,APARTAMENTO EN VENTA EN La Estrella,La Estrella,La Estrella
4304730,3,270000000,70,APARTAMENTO EN VENTA EN La Estrella,La Estrella,La Estrella
4292151,3,230000000,46,APARTAMENTO EN VENTA EN La Estrella,La Estrella,La Estrella
4309832,3,160000000,47,APARTAMENTO EN VENTA EN La Estrella,La Estrella,La Estrella
3506174,4,265000000,54,Antioquia - La Estrella - Santa Catalina,La Estrella,La Estrella
3813902,4,286300000,61,Antioquia - La Estrella - Cl. 87 Sur No. 55-651ed. Arboleda De La Estrella Ph,La Estrella,La Estrella
4293403,4,240000000,68,Apartamento en la Estrella barrio Villa Mira,La Estrella,La Estrella
4306743,3,2000000000,871,Casa en venta La estrella Antioquia ,La Estrella,La Estrella
3813901,4,306200000,72,Antioquia - La Estrella - Cl. 87 Sur No. 55-651ed. Arboleda De La Estrella Ph,La Estrella,La Estrella
4242216,5,2100000000,375,Antioquia - La Estrella,La Estrella,La Estrella
4014818,3,250000000,65,Apartamento en Venta Parque de La Estrella Antioquia.,La Estrella,La Estrella
4281770,4,250000000,59,Venta Apartamento La Estrella Ferreria P.16 C.4824994,La Estrella,La Estrella
4293090,3,230000000,55,"Apartamento en la Estrella, Unidad cerrada",La Estrella,La Estrella
1736941,6,6668940000,2223,BODEGA EN VENTA EN La Estrella,La Estrella,La Estrella
3271664,4,265000000,54,Antioquia - La Estrella - Santa Catalina,La Estrella,La Estrella
4166206,3,210000000,55,Apartamento en Venta sector La Tablaza en La Estrella ,La Estrella,La Estrella
3585890,3,195000000,60,Antioquia - La Estrella,La Estrella,La Estrella
4293236,4,300000000,62,La Aldea (1023453),La Estrella,La Estrella
4270550,4,650000000,152,La estrella,La Estrella,La Estrella
3583769,4,300000000,86,Venta de apartamento en la estrella antioquia,La Estrella,La Estrella
4126373,4,280000000,69,"Vendo Apartamento en La Estrella, Sector La Aldea",La Estrella,La Estrella
4246884,4,380000000,75,Casa en Venta en La Estrella - La Estrella,La Estrella,La Estrella
4246885,3,210000000,52,Apartamento en Venta en La Estrella - Industrial,La Estrella,La Estrella
4248339,4,257000000,65,APARTAMENTO EN VENTA - SECTOR LA FERRERIA. LA ESTRELLA COD: 24736,La Estrella,La Estrella
4269484,3,206000000,58,"Apartamento en Venta. La Estrella, La Tablaza.",La Estrella,La Estrella
4272073,3,182000000,53,Antioquia - La Estrella,La Estrella,La Estrella
4269421,4,930000000,200,"Casa en Venta. La Estrella, Pueblo Viejo. ",La Estrella,La Estrella
4244331,5,800000000,158,"VENTA CASA 2 NIVELES , UNIDAD CERRADA SECTOR SURAMERICA",La Estrella,La Estrella
4246879,4,290000000,69,Apartamento en Venta en La Estrella - La Aldea,La Estrella,La Estrella
4246881,4,720000000,158,Casa en Venta en La Estrella - Suramerica,La Estrella,La Estrella
4246886,3,190000000,49,Apartamento en Venta en La Estrella - Industrial,La Estrella,La Estrella
4261236,3,260000000,66,Se vende hermoso apartamento en la estrella ,La Estrella,La Estrella
4262273,3,160000000,46,"Apartamento en Venta. La Estrella, La Tablaza.",La Estrella,La Estrella
3450546,3,185000000,50,Apartamento La Aldea La Estrella,La Estrella,La Estrella
2544442,3,250000000,86,"APARTAMENTO EN VENTA - , LA ESTRELLA COD: 17821",La Estrella,La Estrella
2571885,4,230000000,68,APARTAMENTO EN VENTA LA ESTRELLA COD: 18352,La Estrella,La Estrella
2606150,3,156000000,57,APARTAMENTO EN VENTA LA ESTRELLA COD: 18725,La Estrella,La Estrella
2627140,3,181000000,49, APARTAMENTO EN VENTA - LA ESTRELLA COD: 18942,La Estrella,La Estrella
2659462,4,420000000,120,CASA UNIFAMILIAR EN VENTA - LA ESTRELLA COD: 19219,La Estrella,La Estrella
1716856,3,2500000000,7784,"VENTA CASA LOTE BODEGA, LA TABLAZA",La Estrella,La Estrella
2666066,4,250000000,68,APARTAMENTO EN VENTA - LA ESTRELLA COD: 19339,La Estrella,La Estrella
2002711,4,210000000,60,APARTAMENTO VENTA PUEBLO VIEJO ESTRELLA COD15900,La Estrella,La Estrella
1908112,4,220000000,52,APARTAMENTO VENTA PUEBLO VIEJO ESTRELLA COD15147,La Estrella,La Estrella
1944039,2,150000000,56,APARTAMENTO VENTA SECTOR LA ESTRELLA COD15434,La Estrella,La Estrella
1959469,4,200000000,60,APARTAMENTO VENTA PUEBLO VIEJO ESTRELLA COD: 15697,La Estrella,La Estrella
4209246,3,125000000,38,VENDO APARTAMENTO  LA ESTRELLA LA TABLAZA ,La Estrella,La Estrella
4212127,4,325000000,79,"Apartamento en Venta. La Estrella, La Ferrería.",La Estrella,La Estrella
4218904,4,485000000,94,"APARTAMENTO EN VENTA, SECTOR SURAMERICA CERCA COLEGIO ALEMAN",La Estrella,La Estrella
4219446,3,510000000,115,"CASA UNIFAMILIA EN VENTA - SECTOR LA OSPINA, LA ESTRELLA COD: 24609",La Estrella,La Estrella
4222310,4,1760000000,661,VENDO HERMOSA CASA EN LA ESTRELLA,La Estrella,La Estrella
4224125,3,200000000,55,"Se Vende Apartamento en la Tablaza, la Estrella",La Estrella,La Estrella
4168799,3,168000000,52,"APARTAMENTO EN VENTA-SECTOR LA TRIANA,SAN ANTONIO DE PRADO COD:24184",La Estrella,La Estrella
4169961,4,620000000,160,"Casa en Venta. La Estrella, Pueblo Viejo.",La Estrella,La Estrella
4173351,3,150000000,50,"APARTAMENTO EN VENTA - SECTOR LA TABLAZA, LA ESTRELLA COD: 24261",La Estrella,La Estrella
2504851,4,212000000,55,MAGNIFICO APARTAMENTO VENTA LA ESTRELLA COD: 18075,La Estrella,La Estrella
2505348,4,205000000,60,MARAVILLOSO APARTAMENTO VENTA LA ESTRELLA COD18087,La Estrella,La Estrella
2573257,4,245000000,65,APARTAMENTO EN VENTA LA ESTRELLA COD: 18405,La Estrella,La Estrella
2573295,4,280000000,96,APARTAMENTO EN VENTA -  ITAGÜI COD: 18407,La Estrella,La Estrella
2590693,4,375000000,107,APARTAMENTO EN VENTA - LA ESTRELLA COD: 18688,La Estrella,La Estrella
2611506,3,185000000,50,APARTAMENTO EN VENTA - LA ESTRELLA COD: 18829,La Estrella,La Estrella
2627082,4,205000000,51,APARTAMENTO EN VENTA -  LA ESTRELLA COD: 18940,La Estrella,La Estrella
3944160,3,125000000,40,"APARTAMENTO EN VENTA - SECTOR PRIMAVERA, CALDAS ANTIOQUIA COD: 19797",La Estrella,La Estrella
3944167,2,170000000,104,"APARTAMENTO EN VENTA - SECTOR LA FERRERIA, LA ESTRELLA ",La Estrella,La Estrella
3944169,3,199000000,54,"APARTAMENTO EN VENTA - SECTOR LA TABLAZA, LA ESTRELLA COD: 19784",La Estrella,La Estrella
3944462,4,464000000,204,CASA UNIFAMILIAR EN VENTA -  LA ESTRELLA,La Estrella,La Estrella
4215879,4,295000000,63,"Apartamento en Venta. La Estrella, La Aldea.",La Estrella,La Estrella
4220276,3,210000000,67,"Apartamento en Venta. La Estrella, Alameda.",La Estrella,La Estrella
4224169,4,195000000,53,"Se Vende Apartamento en la Tablaza, la Estrella",La Estrella,La Estrella
4225970,5,640000000,152,"CASA UNIFAMILIAR EN VENTA - SECTOR BELLAVISTA, LA ESTRELLA COD: 24642",La Estrella,La Estrella
4226397,4,395000000,101,APARTAMENTO EN VENTA - SECTOR ZONA CENTRO EN LA ESTRELLA COD: 22838,La Estrella,La Estrella
4227710,4,615000000,155,"CASA UNIFAMILIAR EN VENTA - SECTOR BELLAVISTA, LA ESTRELLA COD: 24647",La Estrella,La Estrella
4229117,4,285000000,64,Venta de Apartamento en La Estrella,La Estrella,La Estrella
4204134,4,300000000,62,"Apartamento en Venta. La Estrella, La Aldea.",La Estrella,La Estrella
4204387,4,390000000,101,Apartamento En Venta La Estrella Sector Toledo ,La Estrella,La Estrella
4205462,3,285000000,130,"CASA BIFAMILIAR EN VENTA - SECTOR CENTRO, LA ESTRELLA COD: 24393",La Estrella,La Estrella
1907138,3,190000000,53,APARTAMENTO VENTA LA TABLAZA ESTRELLA COD: 15072,La Estrella,La Estrella
1915053,3,310000000,78,"APARTAMENTO VENTA PILSEN, ITAGÚI COD: 15241",La Estrella,La Estrella
4235300,4,300000000,75,Se vende apartamento La Estrella 75mts,La Estrella,La Estrella
2603628,4,260000000,74,APARTAMENTO EN VENTA LA ESTRELLA FERRERIA,La Estrella,La Estrella
4264058,3,205500000,49,VENTA DE PROYECTO DE APARTAMENTOS EN LA ESTRELLA ANTIOQUIA,La Estrella,La Estrella
4265090,3,203000000,51,"VENTA DE APARTAMENTO EN LA TABLAZA, LA ESTRELLA ANTIOQUIA",La Estrella,La Estrella
4246888,3,240000000,64,Apartamento en Venta en La Estrella - Tablaza,La Estrella,La Estrella
4252551,3,175000000,46,"Se Vende Apartamento en la Estrella Tablaza, NEGOCIABLES",La Estrella,La Estrella
4180899,4,250000000,63,Venta de apartamento en la Estrella Antioquia,La Estrella,La Estrella
4262206,3,160000000,46,"Apartamento en Venta. La Estrella, La Tablaza.",La Estrella,La Estrella
4264052,3,159000000,53,VENTA DE PROYECTO DE APARTAMENTOS EN LA ESTRELLA ANTIOQUIA,La Estrella,La Estrella
4264055,4,267500000,53,VENTA DE PROYECTO DE APARTAMENTOS EN LA ESTRELLA ANTIOQUIA,La Estrella,La Estrella
4269482,3,215000000,51,"Apartamento en Venta. La Estrella, La Tablaza.",La Estrella,La Estrella
4238130,3,300000000,105,Casa en Venta en La Estrella - La Estrella,La Estrella,La Estrella
4245883,3,239000000,57,"Apartamento en La Estrella, Hermosa vista, Buen Servicio de Transporte",La Estrella,La Estrella
2548148,4,298700000,96,"APARTAMENTO EN VENTA -LA FORIDA, ITAGÜI COD: 18180",La Estrella,La Estrella
